,MuscleClass,index
1,0,2
2,0,3
5,0,6
7,0,8
8,0,9
9,0,10
10,0,11
11,0,12
12,0,13
13,0,14
14,0,15
18,0,19
23,0,24
24,0,25
26,0,27
27,0,28
28,0,29
29,0,30
34,0,35
35,0,36
66,0,67
74,0,75
75,0,76
76,0,77
77,0,78
78,0,79
79,0,80
80,0,81
81,0,82
82,0,83
83,0,84
84,0,85
85,0,86
86,0,87
87,0,88
88,0,89
89,0,90
90,0,91
91,0,92
92,0,93
93,0,94
94,0,95
95,0,96
96,0,97
97,0,98
98,0,99
99,0,100
100,0,101
102,0,103
103,0,104
104,0,105
105,0,106
106,0,107
107,0,108
108,0,109
109,0,110
110,0,111
111,0,112
112,0,113
113,0,114
114,0,115
115,0,116
116,0,117
117,0,118
118,0,119
119,0,120
120,0,121
121,0,122
122,0,123
123,0,124
124,0,125
125,0,126
126,0,127
127,0,128
128,0,129
129,0,130
130,0,131
131,0,132
133,0,134
135,0,136
136,0,137
137,0,138
138,0,139
139,0,140
140,0,141
141,0,142
142,0,143
143,0,144
144,0,145
145,0,146
146,0,147
147,0,148
148,0,149
149,0,150
150,0,151
151,0,152
152,0,153
153,0,154
154,0,155
155,0,156
156,0,157
157,0,158
158,0,159
159,0,160
160,0,161
161,0,162
162,0,163
163,0,164
164,0,165
185,0,186
233,0,234
234,0,235
253,0,254
276,0,277
290,0,291
291,0,292
301,0,302
302,0,303
303,0,304
304,0,305
305,0,306
306,0,307
307,0,308
308,0,309
309,0,310
310,0,311
311,0,312
312,0,313
313,0,314
314,0,315
315,0,316
316,0,317
317,0,318
318,0,319
319,0,320
320,0,321
321,0,322
322,0,323
323,0,324
324,0,325
325,0,326
326,0,327
329,0,330
331,0,332
339,0,340
340,0,341
341,0,342
342,0,343
343,0,344
344,0,345
345,0,346
346,0,347
347,0,348
348,0,349
349,0,350
350,0,351
351,0,352
352,0,353
353,0,354
354,0,355
355,0,356
356,0,357
357,0,358
358,0,359
359,0,360
360,0,361
361,0,362
362,0,363
363,0,364
364,0,365
365,0,366
366,0,367
367,0,368
368,0,369
369,0,370
370,0,371
371,0,372
372,0,373
373,0,374
374,0,375
375,0,376
376,0,377
377,0,378
378,0,379
379,0,380
380,0,381
381,0,382
382,0,383
383,0,384
384,0,385
385,0,386
386,0,387
387,0,388
388,0,389
389,0,390
390,0,391
391,0,392
392,0,393
393,0,394
394,0,395
395,0,396
396,0,397
397,0,398
398,0,399
399,0,400
400,0,401
401,0,402
402,0,403
403,0,404
404,0,405
405,0,406
406,0,407
407,0,408
408,0,409
409,0,410
410,0,411
411,0,412
412,0,413
413,0,414
414,0,415
415,0,416
416,0,417
417,0,418
418,0,419
419,0,420
420,0,421
421,0,422
422,0,423
423,0,424
424,0,425
425,0,426
426,0,427
427,0,428
428,0,429
429,0,430
430,0,431
431,0,432
432,0,433
433,0,434
434,0,435
435,0,436
436,0,437
437,0,438
439,0,440
440,0,441
441,0,442
442,0,443
448,0,449
449,0,450
451,0,452
452,0,453
453,0,454
454,0,455
455,0,456
456,0,457
457,0,458
458,0,459
459,0,460
467,0,468
468,0,469
469,0,470
470,0,471
471,0,472
472,0,473
473,0,474
474,0,475
475,0,476
476,0,477
477,0,478
478,0,479
479,0,480
480,0,481
481,0,482
482,0,483
483,0,484
485,0,486
486,0,487
487,0,488
488,0,489
489,0,490
490,0,491
492,0,493
493,0,494
494,0,495
495,0,496
496,1,497
497,1,498
499,1,500
500,0,501
524,0,525
525,0,526
526,0,527
527,0,528
528,0,529
529,0,530
530,0,531
531,0,532
533,0,534
534,0,535
535,0,536
536,0,537
537,0,538
538,0,539
539,0,540
540,0,541
541,1,542
542,0,543
543,0,544
544,0,545
545,0,546
546,0,547
547,0,548
548,0,549
549,0,550
550,0,551
551,0,552
552,0,553
553,0,554
554,0,555
555,0,556
556,0,557
557,0,558
558,0,559
559,0,560
560,0,561
561,0,562
562,0,563
563,0,564
564,0,565
565,0,566
566,0,567
567,0,568
569,1,570
570,0,571
571,0,572
572,0,573
573,0,574
574,0,575
575,0,576
576,0,577
577,0,578
579,0,580
580,0,581
581,0,582
582,0,583
583,0,584
584,0,585
585,0,586
586,1,587
587,1,588
588,1,589
589,1,590
590,1,591
591,1,592
592,0,593
593,1,594
594,1,595
595,0,596
596,0,597
597,1,598
598,0,599
599,0,600
600,0,601
601,0,602
602,0,603
603,1,604
604,0,605
605,0,606
606,1,607
607,1,608
608,0,609
609,0,610
610,1,611
611,0,612
612,0,613
613,1,614
614,0,615
615,0,616
616,0,617
617,0,618
618,0,619
619,0,620
620,0,621
621,0,622
625,1,626
626,0,627
627,1,628
628,0,629
629,0,630
630,0,631
631,0,632
632,0,633
633,0,634
635,1,636
636,1,637
637,1,638
638,0,639
639,1,640
640,0,641
653,0,654
656,1,657
657,1,658
658,1,659
659,0,660
660,1,661
661,0,662
662,1,663
663,1,664
664,0,665
665,0,666
666,1,667
667,1,668
668,1,669
669,0,670
670,1,671
671,1,672
672,0,673
673,0,674
674,0,675
675,0,676
676,1,677
677,0,678
678,0,679
679,0,680
680,1,681
681,0,682
682,1,683
683,0,684
684,0,685
685,0,686
686,1,687
687,0,688
688,1,689
689,1,690
690,0,691
691,0,692
692,1,693
693,0,694
694,1,695
695,0,696
714,0,715
717,0,718
718,0,719
719,0,720
720,0,721
721,1,722
722,0,723
723,1,724
724,1,725
725,1,726
726,0,727
727,0,728
728,1,729
729,0,730
730,0,731
731,0,732
732,0,733
733,0,734
738,0,739
739,0,740
742,0,743
743,0,744
744,0,745
745,0,746
756,0,757
757,0,758
758,0,759
759,0,760
760,0,761
761,0,762
777,0,778
781,0,782
783,0,784
790,0,791
791,0,792
792,0,793
793,0,794
800,0,801
807,0,808
808,0,809
809,0,810
810,0,811
811,0,812
812,0,813
813,0,814
814,0,815
815,0,816
816,0,817
817,0,818
818,0,819
822,0,823
823,0,824
824,0,825
825,0,826
826,0,827
827,0,828
828,0,829
829,0,830
830,0,831
831,0,832
832,0,833
833,0,834
834,0,835
835,0,836
836,0,837
837,0,838
838,0,839
839,0,840
840,0,841
841,0,842
842,0,843
843,0,844
844,0,845
845,0,846
846,0,847
848,0,849
850,0,851
851,0,852
854,0,855
856,0,857
857,0,858
858,0,859
859,0,860
860,0,861
861,0,862
870,0,871
876,0,877
878,0,879
879,0,880
880,1,881
881,1,882
882,0,883
883,1,884
884,1,885
885,1,886
886,1,887
887,1,888
888,1,889
889,0,890
890,0,891
891,1,892
892,0,893
893,1,894
894,1,895
895,1,896
896,1,897
897,0,898
898,1,899
899,1,900
900,1,901
901,1,902
902,0,903
903,0,904
904,1,905
905,1,906
906,1,907
907,0,908
908,0,909
909,1,910
911,1,912
912,1,913
913,0,914
914,1,915
915,1,916
916,0,917
917,1,918
918,1,919
919,1,920
920,1,921
921,1,922
922,1,923
923,1,924
924,1,925
925,1,926
926,0,927
927,0,928
928,1,929
929,0,930
930,0,931
931,0,932
932,1,933
933,1,934
934,1,935
935,1,936
936,1,937
937,1,938
938,1,939
939,1,940
940,1,941
941,1,942
942,1,943
943,0,944
944,0,945
945,1,946
946,1,947
947,1,948
948,1,949
949,1,950
950,1,951
951,1,952
953,1,954
955,0,956
961,1,962
962,1,963
965,1,966
966,0,967
967,0,968
968,1,969
969,1,970
970,1,971
971,1,972
973,0,974
974,1,975
975,0,976
976,0,977
979,1,980
980,1,981
981,0,982
989,0,990
990,1,991
991,0,992
992,0,993
993,0,994
994,1,995
995,1,996
998,1,999
999,1,1000
1000,1,1001
1001,1,1002
1002,1,1003
1003,1,1004
1005,1,1006
1006,1,1007
1008,1,1009
1009,1,1010
1010,1,1011
1012,1,1013
1013,1,1014
1014,1,1015
1015,1,1016
1016,1,1017
1017,1,1018
1019,1,1020
1020,1,1021
1021,1,1022
1022,1,1023
1023,0,1024
1024,1,1025
1029,1,1030
1030,1,1031
1058,1,1059
1061,1,1062
1062,1,1063
1063,1,1064
1064,1,1065
1065,1,1066
1066,1,1067
1067,1,1068
1068,1,1069
1069,1,1070
1070,1,1071
1071,1,1072
1072,1,1073
1073,1,1074
1074,1,1075
1075,1,1076
1076,1,1077
1077,1,1078
1078,1,1079
1079,1,1080
1080,1,1081
1081,1,1082
1082,1,1083
1083,1,1084
1084,1,1085
1085,1,1086
1086,1,1087
1087,1,1088
1088,1,1089
1089,1,1090
1090,1,1091
1091,1,1092
1092,1,1093
1093,1,1094
1094,1,1095
1095,1,1096
1096,1,1097
1097,1,1098
1098,1,1099
1099,0,1100
1100,1,1101
1101,1,1102
1102,1,1103
1103,1,1104
1104,1,1105
1105,1,1106
1106,0,1107
1107,1,1108
1108,0,1109
1109,1,1110
1110,0,1111
1112,0,1113
1113,0,1114
1114,1,1115
1115,1,1116
1116,1,1117
1118,0,1119
1119,0,1120
1120,0,1121
1136,1,1137
1137,0,1138
1145,1,1146
1146,1,1147
1147,1,1148
1148,1,1149
1149,1,1150
1150,0,1151
1152,0,1153
1153,0,1154
1154,1,1155
1155,1,1156
1156,1,1157
1157,1,1158
1158,1,1159
1159,1,1160
1160,1,1161
1162,1,1163
1164,1,1165
1165,1,1166
1166,1,1167
1167,1,1168
1168,0,1169
1169,0,1170
1170,0,1171
1171,1,1172
1172,0,1173
1173,0,1174
1174,0,1175
1175,0,1176
1176,0,1177
1177,1,1178
1178,0,1179
1179,1,1180
1180,0,1181
1181,1,1182
1182,1,1183
1183,1,1184
1184,1,1185
1185,1,1186
1186,1,1187
1187,1,1188
1188,1,1189
1189,1,1190
1190,1,1191
1191,0,1192
1192,1,1193
1193,0,1194
1194,1,1195
1195,1,1196
1196,1,1197
1197,1,1198
1198,1,1199
1199,1,1200
1200,1,1201
1201,1,1202
1202,1,1203
1203,1,1204
1204,1,1205
1205,1,1206
1206,1,1207
1207,1,1208
1208,1,1209
1209,1,1210
1210,1,1211
1211,1,1212
1256,0,1257
1292,0,1293
1294,0,1295
1298,1,1299
1330,0,1331
1353,1,1354
1370,1,1371
1371,1,1372
1372,1,1373
1373,1,1374
1374,1,1375
1375,1,1376
1376,1,1377
1377,1,1378
1378,1,1379
1379,1,1380
1380,1,1381
1381,1,1382
1382,1,1383
1383,1,1384
1385,1,1386
1386,1,1387
1387,1,1388
1388,1,1389
1389,1,1390
1390,1,1391
1391,1,1392
1392,1,1393
1393,1,1394
1394,1,1395
1395,1,1396
1396,1,1397
1397,1,1398
1398,1,1399
1399,1,1400
1400,1,1401
1401,0,1402
1402,1,1403
1403,1,1404
1404,0,1405
1405,0,1406
1406,0,1407
1407,0,1408
1408,1,1409
1409,1,1410
1410,1,1411
1422,1,1423
1423,1,1424
1424,1,1425
1425,1,1426
1426,1,1427
1427,1,1428
1429,1,1430
1430,1,1431
1431,1,1432
1432,1,1433
1434,1,1435
1435,1,1436
1438,1,1439
1442,1,1443
1443,1,1444
1444,1,1445
1445,1,1446
1447,1,1448
1449,0,1450
1450,0,1451
1454,0,1455
1455,1,1456
1456,1,1457
1457,0,1458
1458,1,1459
1459,1,1460
1460,1,1461
1461,1,1462
1462,1,1463
1463,0,1464
1464,1,1465
1465,1,1466
1466,1,1467
1467,0,1468
1468,0,1469
1469,0,1470
1470,1,1471
1471,0,1472
1472,1,1473
1473,1,1474
1474,1,1475
1478,1,1479
1479,1,1480
1480,1,1481
1481,1,1482
1483,1,1484
1486,1,1487
1487,0,1488
1488,0,1489
1489,1,1490
1490,0,1491
1491,0,1492
1492,0,1493
1493,0,1494
1494,0,1495
1502,1,1503
1503,0,1504
1504,1,1505
1505,0,1506
1507,0,1508
1518,0,1519
1520,0,1521
1521,0,1522
1522,0,1523
1523,0,1524
1527,0,1528
1528,0,1529
1529,0,1530
1530,0,1531
1531,0,1532
1532,0,1533
1548,1,1549
1549,1,1550
1550,0,1551
1551,1,1552
1552,1,1553
1553,0,1554
1554,1,1555
1555,1,1556
1556,1,1557
1557,1,1558
1558,1,1559
1559,1,1560
1560,1,1561
1561,1,1562
1562,1,1563
1563,1,1564
1564,1,1565
1565,1,1566
1566,1,1567
1567,1,1568
1568,1,1569
1569,0,1570
1570,1,1571
1571,1,1572
1572,1,1573
1573,1,1574
1574,1,1575
1575,1,1576
1576,1,1577
1577,1,1578
1578,1,1579
1579,1,1580
1580,1,1581
1581,1,1582
1582,1,1583
1583,1,1584
1584,1,1585
1585,1,1586
1586,1,1587
1587,1,1588
1588,1,1589
1589,1,1590
1590,1,1591
1591,1,1592
1592,1,1593
1593,1,1594
1594,1,1595
1595,1,1596
1596,1,1597
1597,1,1598
1598,1,1599
1599,1,1600
1600,1,1601
1601,1,1602
1602,1,1603
1603,1,1604
1604,1,1605
1605,1,1606
1606,1,1607
1607,1,1608
1608,1,1609
1609,1,1610
1610,1,1611
1611,1,1612
1612,1,1613
1613,1,1614
1614,1,1615
1615,1,1616
1616,1,1617
1617,1,1618
1618,1,1619
1619,1,1620
1620,1,1621
1621,1,1622
1622,1,1623
1623,1,1624
1624,1,1625
1625,1,1626
1626,1,1627
1627,1,1628
1628,1,1629
1629,1,1630
1630,1,1631
1631,1,1632
1632,1,1633
1633,1,1634
1634,1,1635
1635,1,1636
1636,1,1637
1637,1,1638
1638,1,1639
1639,1,1640
1640,1,1641
1641,1,1642
1642,1,1643
1643,1,1644
1644,1,1645
1645,1,1646
1646,1,1647
1647,1,1648
1648,1,1649
1649,1,1650
1650,1,1651
1656,1,1657
1657,1,1658
1658,1,1659
1659,1,1660
1660,1,1661
1661,1,1662
1662,1,1663
1663,1,1664
1664,1,1665
1665,1,1666
1666,1,1667
1667,1,1668
1668,1,1669
1669,1,1670
1670,1,1671
1671,1,1672
1672,1,1673
1673,1,1674
1674,1,1675
1675,1,1676
1676,1,1677
1678,1,1679
1679,1,1680
1680,1,1681
1682,1,1683
1686,1,1687
1687,1,1688
1688,1,1689
1689,1,1690
1690,1,1691
1697,1,1698
1698,1,1699
1703,1,1704
1704,1,1705
1705,1,1706
1706,1,1707
1707,1,1708
1708,1,1709
1709,1,1710
1710,1,1711
1711,1,1712
1712,1,1713
1713,1,1714
1714,1,1715
1716,1,1717
1717,1,1718
1718,1,1719
1719,1,1720
1720,1,1721
1721,1,1722
1722,1,1723
1727,1,1728
1728,1,1729
1729,1,1730
1730,1,1731
1733,1,1734
1734,1,1735
1736,1,1737
1737,1,1738
1738,1,1739
1739,1,1740
1740,1,1741
1741,1,1742
1742,1,1743
1743,1,1744
1744,1,1745
1745,1,1746
1746,1,1747
1832,1,1833
1833,1,1834
1834,1,1835
1835,1,1836
1836,1,1837
1837,1,1838
1838,1,1839
1840,1,1841
1841,1,1842
1842,1,1843
1843,1,1844
1844,1,1845
1845,1,1846
1846,1,1847
1847,1,1848
1848,1,1849
1849,1,1850
1850,1,1851
1852,1,1853
1853,1,1854
1854,1,1855
1855,1,1856
1857,1,1858
1858,1,1859
1859,1,1860
1861,1,1862
1862,1,1863
1863,1,1864
1864,1,1865
1865,1,1866
1866,0,1867
1867,1,1868
1868,1,1869
1870,1,1871
1871,1,1872
1872,1,1873
1873,1,1874
1874,1,1875
1875,1,1876
1876,1,1877
1877,1,1878
1880,1,1881
1882,1,1883
1883,1,1884
1884,1,1885
1886,0,1887
1887,0,1888
1888,0,1889
1889,1,1890
1890,1,1891
1891,1,1892
1892,0,1893
1893,0,1894
1894,0,1895
1895,1,1896
1896,0,1897
1897,1,1898
1898,0,1899
1899,1,1900
1900,1,1901
1901,0,1902
1902,0,1903
1903,0,1904
1904,0,1905
1905,1,1906
1906,0,1907
1907,1,1908
1908,0,1909
1909,1,1910
1910,1,1911
1911,0,1912
1912,0,1913
1913,0,1914
1914,0,1915
1915,0,1916
1916,1,1917
1917,1,1918
1918,1,1919
1919,1,1920
1920,0,1921
1921,1,1922
1922,1,1923
1923,1,1924
1924,1,1925
1925,1,1926
1926,1,1927
1930,1,1931
1931,1,1932
1932,1,1933
1933,1,1934
1934,1,1935
1935,1,1936
1936,1,1937
1937,1,1938
1938,1,1939
1939,1,1940
1940,1,1941
1941,1,1942
1943,1,1944
1946,1,1947
1947,1,1948
1948,1,1949
1949,1,1950
1952,1,1953
1953,1,1954
1954,1,1955
1955,1,1956
1956,1,1957
1957,1,1958
1958,1,1959
1960,1,1961
1961,1,1962
1962,1,1963
1964,1,1965
1967,1,1968
1968,1,1969
1969,1,1970
1970,0,1971
1971,1,1972
1972,1,1973
1973,1,1974
1974,0,1975
1975,1,1976
1976,1,1977
1977,1,1978
1978,0,1979
1979,1,1980
1980,0,1981
1981,1,1982
1982,0,1983
1983,0,1984
1984,0,1985
1985,0,1986
1986,0,1987
1987,0,1988
1988,1,1989
1989,0,1990
1990,0,1991
1991,1,1992
1992,1,1993
1993,1,1994
1994,1,1995
1995,1,1996
1996,1,1997
1997,1,1998
1998,0,1999
1999,0,2000
2000,0,2001
2001,0,2002
2002,1,2003
2003,1,2004
2004,1,2005
2005,1,2006
2006,0,2007
2007,1,2008
2008,1,2009
2009,1,2010
2010,1,2011
2011,1,2012
2012,1,2013
2013,1,2014
2014,1,2015
2015,1,2016
2016,1,2017
2017,1,2018
2018,1,2019
2019,1,2020
2020,1,2021
2021,1,2022
2022,1,2023
2023,1,2024
2024,1,2025
2025,1,2026
2026,1,2027
2027,1,2028
2028,1,2029
2029,1,2030
2030,1,2031
2031,1,2032
2032,1,2033
2033,1,2034
2034,1,2035
2035,1,2036
2036,1,2037
2037,1,2038
2038,1,2039
2039,1,2040
2040,1,2041
2041,1,2042
2042,1,2043
2043,1,2044
2044,1,2045
2045,1,2046
2046,1,2047
2047,1,2048
2048,1,2049
2049,1,2050
2050,1,2051
2051,1,2052
2052,1,2053
2054,1,2055
2059,1,2060
2060,1,2061
2068,1,2069
2069,1,2070
2070,1,2071
2078,1,2079
2079,1,2080
2080,1,2081
2081,1,2082
2082,0,2083
2083,1,2084
2084,0,2085
2085,1,2086
2086,1,2087
2087,1,2088
2088,1,2089
2089,0,2090
2090,0,2091
2091,0,2092
2092,0,2093
2093,0,2094
2094,0,2095
2095,0,2096
2096,0,2097
2097,0,2098
2098,0,2099
2099,0,2100
2100,0,2101
2101,0,2102
2102,1,2103
2103,1,2104
2104,0,2105
2105,1,2106
2106,0,2107
2107,0,2108
2108,0,2109
2109,1,2110
2110,0,2111
2111,0,2112
2112,0,2113
2113,1,2114
2114,0,2115
2115,0,2116
2116,1,2117
2117,1,2118
2118,0,2119
2119,1,2120
2120,1,2121
2121,1,2122
2122,0,2123
2123,1,2124
2124,1,2125
2125,1,2126
2126,1,2127
2127,1,2128
2128,0,2129
2129,1,2130
2130,1,2131
2131,1,2132
2132,1,2133
2133,1,2134
2134,1,2135
2135,1,2136
2136,1,2137
2137,0,2138
2138,1,2139
2139,1,2140
2141,1,2142
2142,1,2143
2143,1,2144
2144,0,2145
2145,1,2146
2146,0,2147
2147,1,2148
2149,1,2150
2150,0,2151
2152,0,2153
2153,0,2154
2154,0,2155
2155,1,2156
2156,1,2157
2157,0,2158
2158,0,2159
2159,0,2160
2160,0,2161
2161,1,2162
2162,1,2163
2163,0,2164
2164,0,2165
2165,1,2166
2166,0,2167
2167,1,2168
2168,1,2169
2169,1,2170
2171,1,2172
2172,1,2173
2173,0,2174
2174,0,2175
2175,0,2176
2176,1,2177
2177,1,2178
2178,1,2179
2179,1,2180
2180,0,2181
2181,0,2182
2182,1,2183
2183,1,2184
2187,0,2188
2188,1,2189
2189,1,2190
2190,1,2191
2191,1,2192
2192,0,2193
2193,0,2194
2194,1,2195
2195,1,2196
2196,1,2197
2197,0,2198
2198,0,2199
2199,0,2200
2200,0,2201
2201,1,2202
2202,1,2203
2203,0,2204
2204,0,2205
2206,1,2207
2207,1,2208
2208,1,2209
2209,0,2210
2210,0,2211
2211,0,2212
2212,1,2213
2213,0,2214
2214,0,2215
2215,0,2216
2216,0,2217
2217,0,2218
2218,0,2219
2219,0,2220
2220,1,2221
2221,1,2222
2222,0,2223
2223,0,2224
2224,0,2225
2225,1,2226
2227,1,2228
2228,1,2229
2229,0,2230
2230,0,2231
2231,0,2232
2236,1,2237
2237,1,2238
2238,0,2239
2239,0,2240
2240,0,2241
2241,0,2242
2242,0,2243
2243,1,2244
2244,0,2245
2245,0,2246
2246,0,2247
2247,0,2248
2248,0,2249
2249,1,2250
2250,0,2251
2251,1,2252
2252,1,2253
2253,1,2254
2254,0,2255
2255,0,2256
2257,0,2258
2258,0,2259
2259,0,2260
2260,0,2261
2261,1,2262
2262,1,2263
2263,0,2264
2264,0,2265
2277,1,2278
2293,0,2294
2304,0,2305
2305,1,2306
2306,0,2307
2307,0,2308
2318,0,2319
2320,0,2321
2325,0,2326
2347,0,2348
2358,1,2359
2387,0,2388
2389,1,2390
2397,0,2398
2409,0,2410
2414,0,2415
2450,0,2451
2451,0,2452
2453,1,2454
2487,0,2488
2488,0,2489
2490,1,2491
2506,1,2507
2517,0,2518
2518,0,2519
2519,1,2520
2520,1,2521
2521,1,2522
2522,1,2523
2524,0,2525
2525,0,2526
2526,1,2527
2527,1,2528
2528,1,2529
2529,1,2530
2530,1,2531
2531,1,2532
2532,1,2533
2533,1,2534
2534,1,2535
2535,1,2536
2536,1,2537
2537,1,2538
2538,1,2539
2539,1,2540
2540,1,2541
2541,1,2542
2542,1,2543
2543,1,2544
2544,1,2545
2545,1,2546
2546,1,2547
2547,0,2548
2548,0,2549
2549,0,2550
2550,1,2551
2551,1,2552
2552,1,2553
2553,1,2554
2554,1,2555
2555,0,2556
2556,0,2557
2557,0,2558
2558,0,2559
2560,1,2561
2561,0,2562
2562,1,2563
2563,1,2564
2564,1,2565
2565,1,2566
2566,1,2567
2567,1,2568
2568,1,2569
2569,1,2570
2570,1,2571
2571,1,2572
2572,1,2573
2573,1,2574
2574,1,2575
2575,1,2576
2576,1,2577
2578,1,2579
2579,1,2580
2580,1,2581
2583,1,2584
2584,1,2585
2585,1,2586
2586,1,2587
2587,1,2588
2588,1,2589
2589,1,2590
2590,1,2591
2591,1,2592
2592,1,2593
2593,1,2594
2594,1,2595
2595,1,2596
2596,1,2597
2597,1,2598
2598,1,2599
2599,1,2600
2600,1,2601
2609,1,2610
2612,1,2613
2613,1,2614
2614,1,2615
2615,1,2616
2616,1,2617
2617,1,2618
2618,1,2619
2619,1,2620
2620,1,2621
2621,1,2622
2622,1,2623
2624,1,2625
2625,1,2626
2626,1,2627
2627,1,2628
2628,1,2629
2629,1,2630
2630,1,2631
2631,1,2632
2632,1,2633
2633,1,2634
2634,0,2635
2635,0,2636
2636,0,2637
2637,0,2638
2638,0,2639
2639,0,2640
2640,0,2641
2641,0,2642
2642,0,2643
2643,0,2644
2644,1,2645
2645,0,2646
2646,1,2647
2648,1,2649
2649,1,2650
2650,1,2651
2651,1,2652
2652,1,2653
2653,1,2654
2654,1,2655
2655,1,2656
2657,1,2658
2658,1,2659
2660,1,2661
2661,1,2662
2663,1,2664
2664,1,2665
2668,1,2669
2669,1,2670
2670,1,2671
2671,1,2672
2672,1,2673
2673,0,2674
2674,0,2675
2675,0,2676
2676,0,2677
2677,1,2678
2678,0,2679
2679,0,2680
2680,1,2681
2681,1,2682
2682,1,2683
2684,0,2685
2685,1,2686
2686,1,2687
2687,1,2688
2688,1,2689
2689,1,2690
2691,0,2692
2692,0,2693
2693,0,2694
2694,0,2695
2695,0,2696
2696,1,2697
2697,0,2698
2698,1,2699
2699,0,2700
2700,0,2701
2701,0,2702
2702,0,2703
2703,0,2704
2704,0,2705
2706,1,2707
2707,1,2708
2708,0,2709
2709,0,2710
2710,0,2711
2711,0,2712
2712,1,2713
2713,0,2714
2714,0,2715
2715,1,2716
2716,0,2717
2717,0,2718
2733,1,2734
2734,1,2735
2735,1,2736
2736,1,2737
2737,1,2738
2738,1,2739
2739,1,2740
2740,1,2741
2741,1,2742
2742,1,2743
2743,1,2744
2744,1,2745
2745,1,2746
2747,0,2748
2749,1,2750
2750,0,2751
2755,1,2756
2756,1,2757
2757,1,2758
2758,0,2759
2759,0,2760
2760,0,2761
2761,0,2762
2762,0,2763
2763,1,2764
2764,1,2765
2765,1,2766
2766,0,2767
2767,0,2768
2768,1,2769
2769,1,2770
2770,1,2771
2771,0,2772
2772,0,2773
2773,0,2774
2774,0,2775
2775,0,2776
2776,0,2777
2777,0,2778
2778,0,2779
2779,0,2780
2780,0,2781
2781,0,2782
2782,0,2783
2783,0,2784
2784,0,2785
2785,0,2786
2786,0,2787
2788,0,2789
2789,0,2790
2790,0,2791
2791,0,2792
2792,0,2793
2793,0,2794
2794,0,2795
2795,0,2796
2796,0,2797
2797,0,2798
2798,0,2799
2799,0,2800
2800,0,2801
2801,0,2802
2802,0,2803
2803,0,2804
2804,0,2805
2805,0,2806
2806,0,2807
2807,0,2808
2808,0,2809
2809,0,2810
2810,0,2811
2811,0,2812
2812,0,2813
2813,0,2814
2814,0,2815
2815,0,2816
2816,0,2817
2818,0,2819
2819,0,2820
2820,0,2821
2821,0,2822
2822,0,2823
2825,0,2826
2828,0,2829
2829,0,2830
2833,0,2834
2834,0,2835
2835,0,2836
2836,0,2837
2837,0,2838
2838,0,2839
2839,0,2840
2842,0,2843
2844,0,2845
2845,0,2846
2846,0,2847
2847,0,2848
2848,0,2849
2849,0,2850
2850,0,2851
2853,0,2854
2854,0,2855
2859,0,2860
2869,0,2870
2870,0,2871
2872,0,2873
2873,0,2874
2874,0,2875
2875,0,2876
2876,0,2877
2877,0,2878
2880,0,2881
2881,0,2882
2882,0,2883
2883,0,2884
2884,0,2885
2885,0,2886
2886,0,2887
2887,0,2888
2888,0,2889
2889,0,2890
2890,0,2891
2891,0,2892
2892,0,2893
2893,0,2894
2894,0,2895
2895,0,2896
2896,0,2897
2897,0,2898
2898,0,2899
2899,0,2900
2900,0,2901
2901,0,2902
2903,0,2904
2904,0,2905
2905,0,2906
2908,0,2909
2910,0,2911
2911,0,2912
2912,0,2913
2913,0,2914
2914,0,2915
2916,0,2917
2917,0,2918
2918,0,2919
2919,0,2920
2920,1,2921
2921,0,2922
2922,0,2923
2923,0,2924
2924,0,2925
2925,0,2926
2926,0,2927
2927,0,2928
2928,0,2929
2929,0,2930
2930,0,2931
2931,0,2932
2932,0,2933
2933,0,2934
2934,1,2935
2935,0,2936
2936,1,2937
2937,1,2938
2938,0,2939
2939,1,2940
2940,0,2941
2941,0,2942
2942,0,2943
2943,0,2944
2944,0,2945
2945,0,2946
2946,0,2947
2947,0,2948
2948,0,2949
2949,0,2950
2950,0,2951
2951,0,2952
2952,0,2953
2953,0,2954
2954,1,2955
2955,0,2956
2959,0,2960
2960,0,2961
2961,0,2962
2962,0,2963
2963,0,2964
2964,0,2965
2965,0,2966
2966,0,2967
2967,0,2968
2968,0,2969
2969,0,2970
2970,0,2971
2971,0,2972
2972,0,2973
2973,0,2974
2974,0,2975
2975,0,2976
2976,0,2977
2977,0,2978
2978,0,2979
2979,0,2980
2980,1,2981
2981,1,2982
2982,0,2983
2983,0,2984
2984,0,2985
2986,1,2987
2987,0,2988
2988,0,2989
2989,1,2990
2990,0,2991
2991,1,2992
2992,1,2993
3078,0,3079
3079,0,3080
3080,0,3081
3081,0,3082
3082,0,3083
3083,0,3084
3084,1,3085
3085,0,3086
3086,0,3087
3087,0,3088
3088,0,3089
3089,0,3090
3092,0,3093
3093,0,3094
3094,0,3095
3095,0,3096
3096,0,3097
3097,0,3098
3098,0,3099
3099,0,3100
3100,0,3101
3102,0,3103
3103,0,3104
3104,0,3105
3105,0,3106
3106,0,3107
3107,0,3108
3108,0,3109
3109,0,3110
3110,0,3111
3111,0,3112
3112,0,3113
3113,0,3114
3114,0,3115
3115,1,3116
3117,0,3118
3118,0,3119
3119,0,3120
3120,0,3121
3121,0,3122
3122,0,3123
3123,0,3124
3124,0,3125
3125,0,3126
3126,0,3127
3127,0,3128
3128,0,3129
3129,0,3130
3130,0,3131
3131,0,3132
3132,0,3133
3134,0,3135
3135,0,3136
3136,0,3137
3137,0,3138
3138,0,3139
3139,0,3140
3140,0,3141
3141,0,3142
3142,0,3143
3143,0,3144
3144,0,3145
3145,0,3146
3146,0,3147
3147,0,3148
3148,0,3149
3149,0,3150
3150,0,3151
3151,0,3152
3152,0,3153
3153,0,3154
3154,0,3155
3155,0,3156
3156,0,3157
3157,0,3158
3158,0,3159
3159,0,3160
3160,0,3161
3161,0,3162
3162,0,3163
3163,0,3164
3164,0,3165
3165,0,3166
3166,1,3167
3167,0,3168
3168,0,3169
3169,0,3170
3170,0,3171
3171,0,3172
3172,0,3173
3173,0,3174
3174,0,3175
3175,0,3176
3176,0,3177
3177,0,3178
3178,0,3179
3179,0,3180
3180,0,3181
3181,0,3182
3182,0,3183
3183,0,3184
3184,0,3185
3185,0,3186
3186,0,3187
3187,0,3188
3188,0,3189
3189,0,3190
3190,0,3191
3191,0,3192
3194,0,3195
3195,0,3196
3196,0,3197
3197,1,3198
3198,0,3199
3199,0,3200
3200,0,3201
3201,1,3202
3202,0,3203
3203,1,3204
3204,0,3205
3205,0,3206
3206,0,3207
3207,0,3208
3208,0,3209
3209,0,3210
3210,0,3211
3211,1,3212
3212,1,3213
3213,0,3214
3214,0,3215
3215,0,3216
3216,0,3217
3217,0,3218
3218,0,3219
3219,0,3220
3220,0,3221
3221,0,3222
3222,0,3223
3223,1,3224
3224,0,3225
3225,0,3226
3226,1,3227
3227,0,3228
3228,0,3229
3229,1,3230
3230,0,3231
3231,0,3232
3232,1,3233
3233,0,3234
3234,0,3235
3235,0,3236
3236,0,3237
3237,0,3238
3238,1,3239
3239,1,3240
3240,0,3241
3241,0,3242
3242,0,3243
3243,1,3244
3244,1,3245
3246,0,3247
3247,0,3248
3248,1,3249
3249,0,3250
3250,1,3251
3251,0,3252
3253,0,3254
3254,0,3255
3255,1,3256
3256,0,3257
3257,0,3258
3258,1,3259
3259,0,3260
3260,0,3261
3261,0,3262
3262,0,3263
3263,1,3264
3264,1,3265
3265,0,3266
3266,0,3267
3267,0,3268
3268,0,3269
3269,0,3270
3270,0,3271
3271,1,3272
3272,1,3273
3273,0,3274
3274,1,3275
3275,0,3276
3276,1,3277
3277,0,3278
3278,1,3279
3279,0,3280
3280,0,3281
3281,1,3282
3282,0,3283
3283,0,3284
3284,0,3285
3285,0,3286
3286,1,3287
3287,0,3288
3288,0,3289
3293,1,3294
3294,1,3295
3295,1,3296
3296,1,3297
3297,1,3298
3298,1,3299
3299,1,3300
3300,1,3301
3301,0,3302
3302,0,3303
3303,1,3304
3304,0,3305
3305,0,3306
3306,0,3307
3307,1,3308
3310,1,3311
3311,1,3312
3312,0,3313
3313,0,3314
3314,0,3315
3315,0,3316
3316,0,3317
3317,0,3318
3318,1,3319
3319,0,3320
3320,1,3321
3321,0,3322
3322,1,3323
3323,1,3324
3324,0,3325
3325,1,3326
3326,0,3327
3327,0,3328
3328,0,3329
3329,0,3330
3330,0,3331
3331,0,3332
3332,0,3333
3333,0,3334
3334,0,3335
3335,1,3336
3336,0,3337
3337,0,3338
3338,0,3339
3339,0,3340
3340,0,3341
3341,0,3342
3342,0,3343
3343,0,3344
3344,0,3345
3345,0,3346
3346,0,3347
3347,0,3348
3348,0,3349
3349,0,3350
3350,0,3351
3351,1,3352
3352,0,3353
3353,0,3354
3354,0,3355
3355,0,3356
3356,0,3357
3357,0,3358
3358,1,3359
3360,0,3361
3361,0,3362
3363,0,3364
3364,0,3365
3365,0,3366
3366,0,3367
3367,0,3368
3368,0,3369
3369,0,3370
3370,0,3371
3371,0,3372
3372,0,3373
3373,0,3374
3374,1,3375
3375,0,3376
3376,1,3377
3377,0,3378
3385,0,3386
3386,0,3387
3387,0,3388
3400,0,3401
3401,0,3402
3402,0,3403
3403,0,3404
3404,0,3405
3405,0,3406
3406,0,3407
3407,0,3408
3408,0,3409
3409,0,3410
3410,0,3411
3411,0,3412
3412,0,3413
3413,1,3414
3414,1,3415
3415,1,3416
3416,0,3417
3417,1,3418
3418,0,3419
3419,1,3420
3420,0,3421
3421,0,3422
3422,0,3423
3423,0,3424
3424,1,3425
3425,0,3426
3426,1,3427
3427,0,3428
3428,0,3429
3429,0,3430
3430,0,3431
3431,1,3432
3432,0,3433
3433,0,3434
3434,0,3435
3435,0,3436
3436,0,3437
3437,0,3438
3438,0,3439
3439,0,3440
3440,0,3441
3441,0,3442
3442,0,3443
3443,0,3444
3444,0,3445
3445,0,3446
3446,0,3447
3447,0,3448
3448,0,3449
3449,0,3450
3450,0,3451
3451,0,3452
3452,0,3453
3453,1,3454
3454,1,3455
3455,1,3456
3456,0,3457
3457,0,3458
3460,0,3461
3461,0,3462
3462,0,3463
3463,0,3464
3464,0,3465
3465,1,3466
3466,1,3467
3476,0,3477
3477,0,3478
3478,0,3479
3479,0,3480
3480,0,3481
3481,0,3482
3482,0,3483
3483,0,3484
3484,0,3485
3485,0,3486
3486,0,3487
3487,1,3488
3488,0,3489
3489,0,3490
3490,0,3491
3491,0,3492
3492,0,3493
3493,0,3494
3494,0,3495
3495,1,3496
3496,0,3497
3497,0,3498
3498,0,3499
3499,0,3500
3500,0,3501
3501,0,3502
3502,0,3503
3503,0,3504
3504,0,3505
3505,0,3506
3506,0,3507
3507,0,3508
3508,0,3509
3509,0,3510
3510,0,3511
3511,0,3512
3512,0,3513
3513,0,3514
3514,0,3515
3515,0,3516
3516,0,3517
3517,0,3518
3518,0,3519
3519,0,3520
3520,0,3521
3521,0,3522
3522,1,3523
3523,0,3524
3524,0,3525
3528,0,3529
3529,0,3530
3536,0,3537
3539,0,3540
3540,0,3541
3541,0,3542
3542,0,3543
3543,0,3544
3544,0,3545
3545,0,3546
3546,0,3547
3547,0,3548
3548,0,3549
3549,0,3550
3550,0,3551
3551,0,3552
3552,0,3553
3554,0,3555
3555,0,3556
3556,1,3557
3557,1,3558
3558,0,3559
3559,0,3560
3560,0,3561
3561,0,3562
3562,1,3563
3563,0,3564
3564,0,3565
3565,1,3566
3566,1,3567
3568,1,3569
3569,0,3570
3570,0,3571
3571,0,3572
3573,0,3574
3577,0,3578
3578,0,3579
3579,0,3580
3580,0,3581
3583,0,3584
3585,0,3586
3586,0,3587
3587,0,3588
3588,0,3589
3589,0,3590
3590,0,3591
3591,0,3592
3592,0,3593
3593,0,3594
3594,0,3595
3595,0,3596
3596,0,3597
3597,0,3598
3598,0,3599
3599,0,3600
3600,0,3601
3601,0,3602
3602,0,3603
3603,0,3604
3604,0,3605
3605,0,3606
3606,0,3607
3607,0,3608
3608,0,3609
3609,0,3610
3610,0,3611
3611,0,3612
3612,0,3613
3613,1,3614
3614,0,3615
3615,0,3616
3616,0,3617
3617,0,3618
3618,0,3619
3619,0,3620
3620,0,3621
3621,0,3622
3622,0,3623
3623,0,3624
3624,0,3625
3625,0,3626
3626,0,3627
3627,0,3628
3628,0,3629
3629,0,3630
3630,0,3631
3631,0,3632
3632,0,3633
3633,0,3634
3634,0,3635
3635,0,3636
3636,1,3637
3637,0,3638
3638,0,3639
3639,0,3640
3640,0,3641
3641,0,3642
3642,1,3643
3643,1,3644
3644,1,3645
3645,0,3646
3646,0,3647
3647,0,3648
3648,0,3649
3649,0,3650
3650,0,3651
3651,0,3652
3652,0,3653
3653,0,3654
3654,0,3655
3655,0,3656
3656,0,3657
3657,1,3658
3658,1,3659
3659,0,3660
3660,1,3661
3661,1,3662
3662,0,3663
3663,0,3664
3664,0,3665
3665,0,3666
3666,0,3667
3667,0,3668
3668,0,3669
3669,0,3670
3670,0,3671
3671,1,3672
3672,1,3673
3673,1,3674
3674,0,3675
3675,0,3676
3676,0,3677
3677,1,3678
3678,0,3679
3679,1,3680
3680,0,3681
3681,0,3682
3682,0,3683
3683,0,3684
3684,0,3685
3685,0,3686
3686,0,3687
3687,0,3688
3688,0,3689
3689,0,3690
3690,0,3691
3691,0,3692
3692,0,3693
3693,0,3694
3694,0,3695
3695,0,3696
3696,0,3697
3697,0,3698
3698,0,3699
3699,0,3700
3700,0,3701
3701,0,3702
3702,0,3703
3703,0,3704
3704,0,3705
3705,0,3706
3706,0,3707
3707,0,3708
3708,0,3709
3709,0,3710
3710,0,3711
3712,0,3713
3713,0,3714
3714,0,3715
3715,0,3716
3716,0,3717
3717,0,3718
3718,0,3719
3719,0,3720
3720,0,3721
3722,0,3723
3723,0,3724
3724,0,3725
3725,0,3726
3733,0,3734
3734,0,3735
3736,0,3737
3737,0,3738
3738,0,3739
3742,0,3743
3743,0,3744
3744,0,3745
3745,0,3746
3746,0,3747
3747,0,3748
3748,0,3749
3749,0,3750
3750,0,3751
3751,0,3752
3752,0,3753
3753,0,3754
3754,0,3755
3755,0,3756
3756,0,3757
3757,1,3758
3759,1,3760
3760,0,3761
3761,0,3762
3762,0,3763
3763,0,3764
3764,0,3765
3765,0,3766
3766,0,3767
3767,0,3768
3768,0,3769
3769,0,3770
3770,1,3771
3771,1,3772
3772,0,3773
3773,0,3774
3774,0,3775
3775,0,3776
3776,1,3777
3777,0,3778
3778,0,3779
3779,0,3780
3780,1,3781
3781,0,3782
3782,0,3783
3783,0,3784
3784,0,3785
3785,0,3786
3786,0,3787
3787,0,3788
3788,0,3789
3789,0,3790
3790,1,3791
3791,0,3792
3792,0,3793
3793,0,3794
3794,0,3795
3795,0,3796
3796,0,3797
3797,0,3798
3798,0,3799
3799,0,3800
3800,0,3801
3801,0,3802
3802,0,3803
3803,0,3804
3804,0,3805
3805,1,3806
3806,0,3807
3807,0,3808
3808,0,3809
3809,1,3810
3810,0,3811
3811,0,3812
3812,0,3813
3813,0,3814
3814,1,3815
3815,0,3816
3816,0,3817
3817,1,3818
3818,0,3819
3819,1,3820
3820,1,3821
3821,0,3822
3822,0,3823
3823,1,3824
3824,1,3825
3825,1,3826
3826,0,3827
3827,0,3828
3828,0,3829
3829,1,3830
3830,0,3831
3831,0,3832
3833,1,3834
3834,0,3835
3835,1,3836
3836,0,3837
3837,0,3838
3838,0,3839
3839,0,3840
3840,1,3841
3841,1,3842
3842,0,3843
3843,0,3844
3844,0,3845
3845,0,3846
3846,0,3847
3847,0,3848
3848,0,3849
3849,0,3850
3850,0,3851
3851,0,3852
3852,1,3853
3853,0,3854
3854,0,3855
3855,1,3856
3856,0,3857
3857,0,3858
3858,0,3859
3859,0,3860
3860,0,3861
3861,1,3862
3862,1,3863
3863,0,3864
3864,1,3865
3865,0,3866
3866,0,3867
3867,0,3868
3868,1,3869
3877,1,3878
3892,1,3893
3893,1,3894
3900,0,3901
3901,0,3902
3902,0,3903
3903,0,3904
3908,1,3909
3909,1,3910
3910,0,3911
3911,1,3912
3912,1,3913
3914,1,3915
3915,1,3916
3917,0,3918
3918,1,3919
3919,0,3920
3920,0,3921
3921,0,3922
3922,1,3923
3923,0,3924
3924,1,3925
3925,1,3926
3926,1,3927
3927,1,3928
3930,0,3931
3931,1,3932
3932,1,3933
3933,0,3934
3934,1,3935
3951,1,3952
3956,0,3957
3957,0,3958
3958,0,3959
3959,0,3960
3960,1,3961
3961,0,3962
3962,0,3963
3963,0,3964
3964,0,3965
3966,1,3967
3967,1,3968
3970,0,3971
3971,0,3972
3972,1,3973
3973,0,3974
3976,0,3977
3979,1,3980
3980,0,3981
3982,0,3983
3983,0,3984
3985,0,3986
3988,0,3989
3991,0,3992
3993,0,3994
3994,1,3995
3996,0,3997
3997,0,3998
4002,0,4003
4003,0,4004
4008,0,4009
4009,0,4010
4010,0,4011
4011,0,4012
4012,0,4013
4013,0,4014
4014,0,4015
4015,0,4016
4016,0,4017
4017,1,4018
4018,1,4019
4019,0,4020
4020,1,4021
