,inputPlaneDists,centerPlaneDists,outputPlaneDists,inputTipDists,centerTipDists,outputTipDists,intputTipPointX,intputTipPointY,intputTipPointZ,centerTipPointX,centerTipPointY,centerTipPointZ,outputTipPointX,outputTipPointY,outputTipPointZ
0,654.3981968190316,522.541864351556,456.4340039918148,325,279,198,1522,934,754,1499,921,797,1462,904,874
1,681.7822232942129,542.4297189498378,395.57173812091276,325,279,192,1522,934,754,1499,921,797,1460,904,880
2,427.38390236413915,506.0247029543123,635.9355313237342,198,279,325,1462,904,874,1499,921,797,1522,934,754
3,638.0924697878827,520.9865641261779,438.17005831069747,325,279,279,1522,934,754,1499,921,797,1499,921,797
4,398.30641471108646,491.4997456764347,667.2008693039901,198,278,278,1462,904,874,1500,922,798,1500,922,798
5,378.51552147831404,480.7920548428395,651.8811241323068,192,278,192,1460,904,880,1500,922,798,1462,905,880
6,683.5715032094301,516.3680857682822,385.9391143690932,325,278,198,1522,934,754,1500,922,798,1462,904,874
7,403.510842481339,537.3443960813214,662.7865418066363,192,278,278,1460,904,880,1500,922,798,1500,922,798
8,661.1966424597149,446.776230343558,364.3638291598111,278,192,192,1500,922,798,1460,904,880,1460,904,880
9,646.5415686558754,459.17316994789667,340.07205118915607,192,192,130,1462,905,880,1460,904,880,1439,892,939
10,396.6887949009904,454.48982386847786,563.5840664887537,198,278,278,1462,904,874,1500,922,798,1500,922,798
11,362.42516468920866,500.513736075245,632.3385169353517,198,192,192,1462,904,874,1460,904,880,1462,905,880
12,599.2662179699437,439.71581731841303,351.1552363271834,324,278,192,1522,934,755,1500,922,798,1460,904,880
13,500.29891065242185,416.15982506724504,330.57071860647306,354,325,279,1592,975,736,1522,934,754,1499,921,797
14,495.45332777164793,414.0603820700551,378.7664187860376,354,325,279,1592,975,736,1522,934,754,1499,921,797
15,329.7104790570054,418.6179642585827,525.2056739982918,279,325,354,1499,921,797,1522,934,754,1592,975,736
16,570.6154572038861,463.71003870953666,424.26524722159365,325,325,279,1522,934,754,1522,934,754,1499,921,797
17,333.343666506505,408.2266527310533,517.83105353001,279,325,352,1499,921,797,1522,934,754,1592,975,738
18,343.6713546398652,437.11783308394087,539.4719640537403,279,323,352,1499,921,797,1522,934,756,1592,975,738
19,321.21332475474924,376.655014569035,492.3961819510789,198,278,352,1462,904,874,1500,922,798,1592,975,738
20,355.2886150723099,422.0497600994461,502.1882117294272,279,325,354,1499,921,797,1522,934,754,1592,975,736
21,516.0319757534411,427.37688285633794,385.62416936701464,354,325,279,1592,975,736,1522,934,754,1499,921,797
22,550.5588070315468,438.91343110002913,361.71397540045365,354,278,198,1592,975,736,1500,922,798,1462,904,874
23,343.27394308336306,375.81378367484075,486.56962502811456,198,282,352,1462,904,874,1502,923,795,1592,975,738
24,303.4237960345233,380.95406547246614,495.16562885563854,198,278,352,1462,904,874,1500,922,798,1592,975,738
25,281.82618756957277,357.4604873269212,480.1499765698214,279,282,352,1499,921,797,1502,923,795,1592,975,738
26,316.4316671889841,370.2782737347683,452.17806227193284,279,323,360,1499,921,797,1522,934,756,1603,981,732
27,319.4401352366355,375.35849530815204,466.8383017705381,279,325,352,1499,921,797,1522,934,754,1592,975,738
28,383.938797206013,316.0284797292801,294.838939083697,362,282,198,1607,983,731,1502,923,795,1462,904,874
29,245.09181952892675,308.4461055030522,410.84060169364955,267,282,358,1495,918,808,1502,923,795,1606,982,734
30,362.7891949879434,296.2110733919311,233.74772726167842,362,323,279,1607,983,731,1522,934,756,1499,921,797
31,373.2157552944409,319.0015673942685,274.5268657162719,361,324,279,1605,982,732,1522,934,755,1499,921,797
32,389.1066691795452,326.1901286060018,289.0069203323685,360,325,279,1603,981,732,1522,934,754,1499,921,797
33,311.35189095298585,262.484285243898,223.99553566979856,282,265,198,1502,923,795,1495,918,810,1462,904,874
34,218.7715703650728,292.4995726492605,416.23190651366457,192,193,146,1460,904,880,1477,909,880,1598,937,928
35,612.3642706755514,427.09600794200827,312.04326623082255,282,192,192,1502,923,795,1460,904,880,1460,904,880
36,315.29351404683223,436.9599523983863,646.7232793088556,130,192,74,1439,892,939,1460,904,880,1425,898,998
37,367.7091241728984,489.71318136231537,635.331409580858,192,192,192,1460,904,880,1460,904,880,1462,905,880
38,352.5067375242635,451.62041583613114,616.5241276706047,192,192,192,1460,904,880,1460,904,880,1462,905,880
39,347.40610242193503,463.9008514758299,596.3732053001711,192,278,278,1460,904,880,1500,922,798,1500,922,798
40,585.9394166635319,426.6403637725807,343.46178826763247,323,278,192,1522,934,756,1500,922,798,1460,904,880
41,312.74910071813156,420.77309799938496,562.9777970755152,192,278,352,1460,904,880,1500,922,798,1592,975,738
42,308.65028754238995,429.0640977756121,606.4676413461809,192,196,192,1460,904,880,1463,905,876,1462,905,880
43,417.39789170526484,483.9772721936434,543.9834556307756,278,278,352,1500,922,798,1500,922,798,1592,975,738
44,305.74662712775756,400.4172823443064,501.9980079641751,198,278,352,1462,904,874,1500,922,798,1592,975,738
45,541.2180706517476,423.9870281034551,324.77838598034816,352,196,192,1592,975,738,1463,905,876,1460,904,880
46,322.35074065371714,342.2703609721414,426.30622796295154,192,192,192,1460,904,880,1460,904,880,1460,904,880
47,304.42240390615143,399.7061420593884,551.8459930089191,192,192,192,1460,904,880,1460,904,880,1465,906,881
48,489.208544487931,548.3073955364819,614.8251784043981,192,192,192,1462,905,880,1462,905,880,1462,905,880
49,387.45322298311055,477.429575958591,569.8192695934388,198,282,352,1462,904,874,1502,923,795,1592,975,738
50,295.53003231482245,333.68697906870744,417.21097780379654,192,192,192,1460,904,880,1460,904,880,1460,904,880
51,503.38057173474624,369.4536506789451,264.89431854987,352,196,130,1592,975,738,1465,906,877,1439,892,939
52,501.88245635806,381.01705998550773,300.75405234177646,352,278,192,1592,975,738,1500,922,798,1460,904,880
53,400.75054585115663,303.79433832775754,251.01792764661252,358,278,198,1606,982,734,1500,922,798,1462,904,874
54,424.33595181176906,324.8830558831901,237.21298446754554,361,278,192,1605,982,732,1500,922,798,1460,904,880
55,495.08080148597963,359.3953255121719,261.3522527165205,358,196,192,1606,982,734,1465,906,877,1460,904,880
56,208.67438750359375,292.210540535416,467.39811724053834,192,192,352,1460,904,880,1465,906,881,1592,975,738
57,506.4869198705925,364.78212675513583,250.4156544627352,352,192,130,1592,975,738,1462,905,880,1439,892,939
58,268.40827110951705,210.20704079549762,154.62535367784935,358,282,266,1606,982,734,1502,923,795,1495,918,809
59,240.89209202462416,293.385412043612,385.8574866450047,198,266,358,1462,904,874,1497,919,809,1606,982,734
60,297.91945220142975,255.0,181.95329070945652,364,352,198,1633,991,730,1592,975,738,1462,904,874
61,197.93433254491248,266.11839470431204,348.17237110373935,279,282,358,1499,921,797,1502,923,795,1606,982,734
62,345.34185961160284,269.9277681158424,222.54437759691885,358,278,198,1606,982,734,1500,922,798,1462,904,874
63,177.12707302950614,146.15744934829698,108.97706180660222,266,196,192,1497,919,809,1465,906,877,1460,904,880
64,307.64590034648603,257.046688366141,191.58288023724876,358,283,267,1606,982,734,1505,924,794,1495,918,808
65,414.53829738638143,345.84678688691037,302.0413878924542,363,325,279,1605,982,730,1522,934,754,1499,921,797
66,320.9657302579202,394.7328210321508,482.13898411142816,325,325,352,1522,934,754,1522,934,754,1592,975,738
67,312.3123436561546,356.0519624998576,468.8037969129516,198,278,352,1462,904,874,1500,922,798,1592,975,738
68,328.14326139660403,331.0951524864114,344.55478519387884,279,278,278,1499,921,797,1500,922,798,1500,922,798
69,367.1021656160584,440.43728270890057,553.976533799041,198,323,352,1462,904,874,1522,934,756,1592,975,738
70,589.7414687810244,404.357515077932,298.74738492579314,192,192,130,1462,905,880,1460,904,880,1439,892,939
71,281.8332840528244,397.40281830908043,552.1023455845846,130,190,193,1439,892,939,1462,905,882,1498,915,881
72,270.42189260487027,383.9869789459012,596.5593013272025,74,74,74,1423,897,998,1425,898,998,1448,904,999
73,264.6148144001012,391.54820903689495,584.3449323815515,74,74,74,1423,897,998,1425,898,998,1453,905,999
74,277.52657530405986,405.2924869769979,601.095666262867,130,190,74,1439,892,939,1462,905,882,1448,904,999
75,387.25443832188677,487.30791087360774,673.9829374694882,192,192,192,1460,904,880,1460,904,880,1460,904,880
76,395.6134476986342,533.0534682374742,684.6919015148346,192,192,192,1460,904,880,1460,904,880,1460,904,880
77,439.0626379003342,545.5281844231332,694.1181455631311,198,192,192,1462,904,874,1460,904,880,1460,904,880
78,632.2127806363931,487.17450672218064,385.13504125176667,278,192,192,1500,922,798,1460,904,880,1460,904,880
79,558.0367371419197,466.7086885842174,377.50761581721764,325,325,198,1522,934,754,1522,934,754,1462,904,874
80,382.8642056917831,327.5393106178249,313.7530876342096,363,325,325,1605,982,730,1522,934,754,1522,934,754
81,386.4789774360308,342.8075261717572,311.82527158650885,363,325,325,1605,982,730,1522,934,754,1522,934,754
82,308.56603831270866,246.12598400006448,203.60009823180343,358,282,198,1606,982,734,1502,923,795,1462,904,874
83,165.18474505837395,192.91708063310517,229.2705825002414,192,196,197,1460,904,880,1465,906,877,1502,916,877
84,271.89336144893275,228.45130772223652,166.30694513459142,348,193,130,1592,973,742,1498,915,881,1439,892,939
85,292.5918659156471,238.01470542804702,185.23768515072737,358,197,190,1606,982,734,1498,915,877,1460,904,882
86,200.63897926375125,283.31607790593176,379.97499917757744,198,278,358,1462,904,874,1500,922,798,1606,982,734
87,401.6266923400386,304.00822357298165,242.75296084703066,358,266,192,1606,982,734,1497,919,809,1460,904,880
88,592.1604512292255,487.0821285984531,399.95374732586265,325,325,279,1522,934,754,1522,934,754,1499,921,797
89,392.5226108136957,448.8630080547962,554.1849871658379,279,282,323,1499,921,797,1502,923,795,1522,934,756
90,450.35208448501714,386.02590586643277,341.24038447991467,282,278,192,1502,923,795,1500,922,798,1460,904,880
91,458.21937977348796,501.6871535130235,562.8827586629386,324,325,352,1522,934,755,1522,934,754,1592,975,738
92,427.2376387913406,495.00909082561304,613.0497532827169,279,278,323,1499,921,797,1500,922,798,1522,934,756
93,436.90845723103143,512.7357994133041,629.0063592683305,279,279,325,1499,921,797,1499,921,797,1522,934,754
94,470.7122263124254,564.3208307337237,700.559776179021,198,279,278,1462,904,874,1499,921,797,1500,922,798
95,678.3236690548251,554.0740022776741,460.26622730763114,325,279,279,1522,934,754,1499,921,797,1499,921,797
96,580.3430020255263,495.31606071275337,434.6308778722469,325,325,279,1522,934,754,1522,934,754,1499,921,797
97,610.3072996450231,496.77057078695793,409.09778782095606,325,325,279,1522,934,754,1522,934,754,1499,921,797
98,649.6799211919666,512.0292960368577,378.133574282951,278,278,192,1500,922,798,1500,922,798,1460,904,880
99,429.77784959208867,546.5757038142109,681.8995527201936,192,192,192,1460,904,880,1460,904,880,1460,904,880
100,421.76415210399284,558.3269651378124,700.0421415886332,192,192,192,1460,904,880,1460,904,880,1460,904,880
101,224.5306215196493,364.3693181375183,550.1099890021994,74,75,73,1423,897,998,1432,900,998,1485,911,1000
102,269.4308816746885,363.363454408943,536.0195891942756,130,190,133,1439,892,939,1462,905,882,1506,914,939
103,506.80469611083913,342.6689364386565,242.56545508377732,352,190,74,1592,975,738,1462,905,882,1423,897,998
104,248.68856025157248,347.05331002599587,528.3152467987271,130,192,194,1439,892,939,1462,905,880,1537,925,881
105,473.56520142426007,353.9152440910111,258.8339235880799,352,196,192,1592,975,738,1465,906,877,1460,904,880
106,279.1003403795846,396.2486593037256,558.8103434976844,192,192,352,1460,904,880,1462,905,880,1592,975,738
107,289.4270201622509,414.77463760456715,599.5047956438714,74,190,192,1423,897,998,1460,904,882,1465,906,881
108,528.3351209223176,380.48521653278465,289.25075626521703,192,190,74,1462,905,880,1460,904,882,1423,897,998
109,625.1423837814871,450.7393925540567,336.15026401893545,192,192,130,1462,905,880,1460,904,880,1439,892,939
110,402.4052683551745,508.8133252972056,596.8735209405759,192,192,192,1460,904,880,1460,904,880,1462,905,880
111,219.72937900972642,296.70861126701396,422.93852981254855,192,193,146,1460,904,880,1498,915,881,1598,937,928
112,389.5908109799306,301.3370206264076,223.4390297150433,358,196,192,1606,982,734,1465,906,877,1460,904,880
113,216.566387050253,314.9888886929188,485.02989598580416,130,190,352,1439,892,939,1462,905,882,1592,975,738
114,245.98170663689606,322.628269065189,404.4181004851291,192,193,358,1460,904,880,1502,916,881,1606,982,734
115,445.20781664296953,304.44047037146686,198.5572965166478,358,193,130,1606,982,734,1498,915,881,1439,892,939
116,211.89856063692363,302.3011743278547,425.9917839583294,192,193,146,1460,904,880,1498,915,881,1598,937,928
117,457.19689412768327,320.6555784638714,240.85887984460942,352,193,130,1592,975,738,1465,906,880,1439,892,939
118,453.4611339464497,305.3931891840419,198.00505044063902,358,192,130,1606,982,734,1465,906,881,1439,892,939
119,457.8405836096228,325.63322926261685,228.05701041625534,147,133,74,1582,933,927,1491,910,939,1423,897,998
120,367.589444897429,443.9380587424331,544.2591294594882,192,196,352,1462,905,880,1465,906,877,1592,975,738
121,297.9312001117036,456.3080100107821,634.814146030159,130,192,74,1439,892,939,1460,904,880,1425,898,998
122,549.3250403904777,586.6489580660652,620.7704889892882,192,192,190,1462,905,880,1462,905,880,1462,905,882
123,285.30860484745284,407.99632351284737,593.5596010511497,74,74,190,1423,897,998,1425,898,998,1462,905,882
124,354.80839899867084,314.2689930616764,287.3273394579778,74,74,74,1425,898,998,1423,897,998,1423,897,998
125,248.8593980544034,289.6497885378134,371.47005262874154,74,74,74,1423,897,998,1423,897,998,1425,898,998
126,232.22402976436354,354.9450661722177,551.9293433040139,74,74,74,1423,897,998,1425,898,998,1453,905,999
127,232.40912202407202,310.84883786174913,420.0987979035408,74,74,75,1423,897,998,1425,898,998,1436,901,998
128,230.8029462550251,323.6186026791414,576.2803137362928,74,74,73,1423,897,998,1425,898,998,1458,906,1000
129,208.10093704738574,320.2311665031997,518.2837060915575,74,75,74,1423,897,998,1444,903,998,1505,915,999
130,182.8250529878222,309.4785937670003,526.6402946983833,74,74,74,1423,897,998,1448,904,999,1505,915,999
131,466.08368347325785,300.5944111256894,195.7370685383839,141,75,74,1566,929,933,1444,903,998,1423,897,998
132,226.91408065609326,311.0417978343104,444.90560796645394,74,75,132,1423,897,998,1432,900,998,1530,920,941
133,212.00943375236866,308.11848370391544,452.8807790136384,74,74,73,1423,897,998,1453,905,999,1568,926,999
134,403.3559222324621,287.21594663249465,188.3772810080876,146,131,74,1598,937,928,1495,911,941,1423,897,998
135,393.30776753072143,283.2613634084253,186.08868853318302,164,193,130,1610,941,911,1502,916,881,1439,892,939
136,403.55792644922735,267.71253239249,173.0231198424072,147,135,130,1602,938,927,1495,911,937,1439,892,939
137,364.8479135201406,288.37649002649295,214.22884959780743,362,197,192,1632,990,732,1498,915,877,1460,904,880
138,401.89302059130114,276.7923409344991,200.74610830598934,149,192,130,1574,931,925,1465,906,881,1439,892,939
139,362.5382738415353,262.8573757762943,182.9562789302406,166,131,74,1629,946,910,1495,911,941,1423,897,998
140,352.8824166772836,243.52617929085162,140.43503836293846,166,132,74,1644,950,910,1514,916,941,1423,897,998
141,187.49133313302778,251.63664280068593,324.3424116578034,130,136,166,1439,892,939,1522,918,937,1644,950,910
142,544.342722923711,451.8517455980446,373.8729730804301,325,192,72,1522,934,754,1460,904,880,1432,900,1001
143,242.66231681083076,238.88490952757982,235.31680772949474,282,193,72,1502,923,795,1498,915,881,1506,915,1001
144,248.05846085146945,255.00784301664135,271.94668595149307,362,358,192,1607,983,731,1606,982,734,1587,936,883
145,230.90041143315443,242.34273250914705,245.22642598219304,363,351,71,1605,982,730,1593,975,739,1582,928,1001
146,591.8352811382573,649.659911030379,715.2607915998192,192,192,192,1460,904,880,1460,904,880,1460,904,880
147,205.7984450864486,294.26858479966904,475.0621012036216,74,74,73,1423,897,998,1425,898,998,1485,911,1000
148,217.5453975610608,372.61508289386245,532.4706564685043,74,75,74,1423,897,998,1444,903,998,1505,915,999
149,214.29185705481206,335.3356527421443,578.3908712972569,74,73,73,1423,897,998,1425,898,999,1458,906,1000
150,231.7412350014559,315.32998588779975,419.7082319897955,74,74,71,1423,897,998,1425,898,998,1425,898,1001
151,207.08935269588343,344.60992440729274,518.3107176202321,67,72,73,1421,895,1005,1444,903,1001,1505,915,1000
152,176.04828883008207,294.5420173761292,448.972159493214,74,74,73,1423,897,998,1458,906,999,1574,927,999
153,216.42781706610637,316.7238544852598,441.5178365592946,130,74,73,1439,892,939,1480,910,999,1574,927,999
154,350.3155720204285,257.1108710264893,144.6962335377117,77,73,74,1643,938,994,1530,919,1000,1423,897,998
155,345.38239677204166,252.50346532275552,156.323382767902,166,74,74,1644,950,910,1505,915,999,1423,897,998
156,407.9509774470457,274.4266750882647,189.51517089668573,138,74,74,1588,934,936,1458,906,999,1423,897,998
157,354.6124645299429,252.84184780213894,173.50792489105504,139,74,74,1579,932,935,1458,906,999,1423,897,998
158,335.2014319778482,231.2271610343387,161.4249051416788,133,74,74,1555,926,941,1453,905,999,1423,897,998
159,166.1836333698358,278.39001418872766,447.8772153168768,70,73,73,1421,895,1002,1458,906,1000,1580,928,999
160,158.4613517549311,290.36700914532287,422.8924213083039,71,73,71,1423,897,1001,1485,911,1000,1582,928,1001
161,330.5873560800534,230.30848877103944,155.23208431248997,167,132,74,1673,957,910,1534,921,941,1423,897,998
162,298.5916944591728,219.98636321372285,159.76545308670458,166,134,130,1644,950,910,1522,918,939,1439,892,939
163,233.73061416938947,177.9213309302738,147.30919862656236,132,76,74,1518,917,941,1450,904,997,1423,897,998
164,152.24979474534604,235.51220775153035,335.91367938802375,74,74,72,1423,897,998,1505,915,999,1633,936,999
165,130.23440405668543,208.09132610466972,308.8057641949062,74,74,96,1423,897,998,1505,915,999,1669,945,976
166,316.53593792806527,217.1128738697915,141.6827441857335,77,72,75,1643,938,994,1525,918,1000,1440,902,998
167,303.50288301760827,211.11608181282637,123.60420704814217,167,74,74,1673,957,910,1530,919,999,1423,897,998
168,327.557628517487,218.16278326057358,131.32402674301454,162,74,74,1643,949,914,1505,915,999,1423,897,998
169,298.3856564917288,212.46176126540982,144.18044250174847,166,190,130,1644,950,910,1508,917,884,1439,892,939
170,282.69594974106013,207.28000385951367,132.18925826253812,167,136,130,1673,957,910,1530,920,937,1439,892,939
171,286.4856017324431,216.8732348631338,138.9280389266328,167,194,130,1673,957,910,1537,925,881,1439,892,939
172,286.7978382066364,215.65017968923652,131.19832316001603,167,133,74,1673,957,910,1542,923,941,1423,897,998
173,240.0041666304983,185.06755523321746,141.4885154349992,166,131,74,1629,946,910,1510,915,941,1423,897,998
174,314.36284767764784,226.61200321253946,168.3478541591784,166,136,131,1644,950,910,1518,917,937,1443,894,939
175,308.7037414739251,233.82472067769052,156.2145959889792,354,194,130,1632,987,738,1537,925,881,1439,892,939
176,135.94851966829208,177.1016657177453,236.4698712309879,130,193,166,1439,892,939,1498,915,881,1629,946,910
177,351.09542862304545,418.74335815628166,482.4220144230568,325,325,354,1522,934,754,1522,934,754,1592,975,736
178,311.746692043396,381.7970665157081,470.3243561628507,325,325,354,1522,934,754,1522,934,754,1592,975,736
179,307.6166445431716,384.4918724758691,468.5402864215627,325,325,360,1522,934,754,1522,934,754,1603,981,732
180,544.3987509170094,392.6232290631821,263.2983099072229,352,278,192,1592,975,738,1500,922,798,1460,904,880
181,320.8067954392488,376.21536385426896,461.8203113766219,279,282,352,1499,921,797,1502,923,795,1592,975,738
182,410.67018396762137,371.86153336961326,326.5302436222409,363,354,325,1605,982,730,1592,975,736,1522,934,754
183,333.92364396670087,375.4823564430158,421.20897426336967,325,325,360,1522,934,754,1522,934,754,1603,981,732
184,275.59571839925235,350.4240288564698,441.7669068637894,198,278,358,1462,904,874,1500,922,798,1606,982,734
185,250.89838580588756,332.4063777968166,444.292696316291,198,278,352,1462,904,874,1500,922,798,1592,975,738
186,379.58925169187813,431.7151838886374,483.7385657563391,278,352,352,1500,922,798,1592,975,738,1592,975,738
187,190.4599695474091,295.0254226333724,488.73919425394973,72,74,74,1422,896,1000,1448,904,999,1551,923,999
188,181.11046352985792,289.2714987688901,477.16663755966846,70,73,74,1421,895,1002,1448,904,1000,1551,923,999
189,169.8646520027048,295.8479339120015,452.85207297747905,67,73,74,1421,895,1005,1458,906,1000,1551,923,999
190,352.239975017033,246.52383251929214,133.90668392578468,72,72,71,1645,938,999,1506,915,1001,1425,898,1001
191,356.62585436280415,229.94347131414713,121.16104984688768,72,73,69,1639,937,999,1505,915,1000,1422,896,1003
192,190.90835497693652,313.6064412603797,495.71967885086025,74,74,74,1423,897,998,1458,906,999,1530,919,999
193,228.78811157925142,160.18426889054993,111.82128598795491,135,74,74,1585,933,939,1485,911,999,1423,897,998
194,124.17326604386308,151.64102347320133,193.32097661661032,130,132,136,1439,892,939,1473,904,939,1534,921,937
195,247.7660186546977,282.591578076913,398.1996986437835,67,71,72,1421,895,1005,1423,897,1001,1432,900,1001
196,290.31879029783795,240.51195396487051,217.41665069630707,72,71,67,1432,900,1001,1423,897,1001,1421,895,1005
197,213.7779221528734,261.19150062741323,327.98475574331195,67,71,72,1421,895,1005,1425,898,1001,1436,901,1001
198,137.77155003846042,137.09121051329294,146.54692081377897,74,74,72,1423,897,998,1425,898,998,1440,902,1001
199,175.3681841155915,205.78143745245828,263.19764436635825,59,69,72,1420,892,1012,1422,896,1003,1432,900,1001
200,262.84976697726023,200.61405733397646,169.1892431568863,73,71,67,1448,904,1000,1425,898,1001,1421,895,1005
201,222.0,358.5875067539303,563.0435151922096,70,71,72,1421,895,1002,1425,898,1001,1432,900,1001
202,245.54836590781866,374.4395812410862,620.2289899706398,70,74,71,1421,895,1002,1425,898,998,1425,898,1001
203,288.38342532122056,268.3598330600166,253.01580978270903,74,74,70,1423,897,998,1423,897,998,1421,895,1002
204,673.0534897019701,591.9898647781058,539.7110337949373,74,74,71,1425,898,998,1425,898,998,1425,898,1001
205,555.8938747638797,417.25771412881033,327.34538334914697,190,190,74,1462,905,882,1460,904,882,1423,897,998
206,573.320154887302,426.03051533898366,297.2759660652035,190,190,74,1462,905,882,1460,904,882,1423,897,998
207,437.75107081536646,513.2046375472459,594.9672259881212,192,192,196,1460,904,880,1462,905,880,1465,906,877
208,436.9221898690887,339.9911763560931,250.14195969489006,358,278,192,1606,982,734,1500,922,798,1460,904,880
209,303.11878859615416,263.27552108010343,249.19069003476034,196,192,192,1465,906,877,1460,904,880,1460,904,880
210,225.92255310172112,304.33862719017446,390.0884515081163,192,197,192,1460,904,880,1502,916,877,1587,936,883
211,300.23157728660055,338.92329515688357,384.1392976512557,278,352,358,1500,922,798,1592,975,738,1606,982,734
212,376.7200552134171,294.3144576808961,215.41819793137256,362,282,267,1607,983,731,1502,923,795,1495,918,808
213,298.27168823071355,234.86804806103362,166.29191201017565,362,325,267,1607,983,731,1524,935,755,1495,918,808
214,373.25996302845016,310.9163874741889,257.7925522585942,361,323,198,1605,982,732,1522,934,756,1462,904,874
215,389.08225351460067,339.19021212293256,304.7310289419179,358,352,282,1606,982,734,1592,975,738,1502,923,795
216,303.85851970942,356.7323926979438,411.4474450036116,278,282,352,1500,922,798,1502,923,795,1592,975,738
217,233.33023807470818,289.47366028708035,345.7296631763031,279,325,362,1499,921,797,1524,935,755,1607,983,731
218,232.52096679654503,282.97879779234347,329.61947757982995,325,352,362,1522,934,754,1592,975,738,1607,983,731
219,417.0047961354881,386.78805565839286,346.1054752528483,353,352,325,1592,975,737,1592,975,738,1522,934,754
220,371.5561868681505,332.6229096138749,282.23040233114506,363,354,325,1605,982,730,1592,975,736,1522,934,754
221,337.08307581366347,290.7731074222649,245.49745416195256,362,352,325,1607,983,731,1592,975,738,1522,934,754
222,332.29655430052236,292.9573347776089,267.8451044913832,362,352,325,1607,983,731,1592,975,738,1522,934,754
223,311.46588898304736,452.98565098687175,581.6562558762693,192,192,192,1460,904,880,1462,905,880,1465,906,881
224,313.50598080419456,372.02419276170735,480.8856412911494,198,198,282,1462,904,874,1462,904,874,1502,923,795
225,357.4437018608665,330.2741285659535,305.8855995302819,198,192,192,1462,904,874,1460,904,880,1460,904,880
226,430.19762900322917,368.60412368827343,329.893922344744,192,192,192,1460,904,880,1460,904,880,1460,904,880
227,515.5327341692281,432.528611770366,368.71804946327217,192,192,192,1462,905,880,1460,904,880,1460,904,880
228,376.37348471963327,411.7244223992548,458.48664102675883,278,352,352,1500,922,798,1592,975,738,1592,975,738
229,436.15364265359517,462.48567545384583,497.7368782800808,278,352,352,1500,922,798,1592,975,738,1592,975,738
230,469.80315026615136,523.3134815767696,597.7758777334528,74,75,75,1425,898,998,1432,900,998,1440,902,998
231,434.4110956225681,493.72563231009184,586.9880748362781,74,74,75,1425,898,998,1425,898,998,1444,903,998
232,501.0319351099289,566.0053003285393,616.640089517378,74,74,74,1423,897,998,1425,898,998,1425,898,998
233,680.0007352937201,582.0566982691635,494.4795243485821,325,279,198,1522,934,754,1499,921,797,1462,904,874
234,483.8233148578105,543.3120650234081,624.8151726710868,198,279,278,1462,904,874,1499,921,797,1500,922,798
235,682.0461861193859,587.6231785762029,523.1156659860227,325,325,279,1522,934,754,1522,934,754,1499,921,797
236,652.0820500519854,541.8053155885424,454.1981946243292,325,325,279,1522,934,754,1522,934,754,1499,921,797
237,595.6005372730955,514.1877089157227,417.59909003732275,325,325,279,1522,934,754,1522,934,754,1499,921,797
238,477.7677259924534,567.9947182853024,664.0075300777846,325,325,325,1522,934,754,1522,934,754,1522,934,754
239,674.7925607177365,577.1317007408275,469.6605156919197,325,325,279,1522,934,754,1522,934,754,1499,921,797
240,677.2023331324251,542.4186574962185,462.61322938281825,325,279,279,1522,934,754,1499,921,797,1499,921,797
241,633.0410729170738,530.6835215078758,445.2707041789298,325,325,279,1522,934,754,1522,934,754,1499,921,797
242,651.1796987007504,584.0573601967533,533.1134963588898,325,325,325,1522,934,754,1522,934,754,1522,934,754
243,548.3520766806669,600.8735307866373,680.8245001466971,325,325,325,1522,934,754,1522,934,754,1522,934,754
244,676.2492144172886,598.3251624326024,528.0407181269263,325,325,279,1522,934,754,1522,934,754,1499,921,797
245,56.753854494650845,101.72020448268869,102.22524150130437,326,198,73,1529,936,754,1556,928,876,1562,925,999
246,26.248809496813376,69.49100661236676,77.09734106958553,363,188,64,1631,990,731,1637,946,887,1625,932,1006
247,70.27090436304346,70.66823897621902,99.06058752097123,195,149,1,1676,949,878,1670,952,926,1671,927,1066
248,107.35921013122255,137.87675656179326,174.6339027795004,354,348,173,1592,975,736,1592,973,742,1610,941,902
249,186.04838080456383,193.89430110243055,239.86037605240261,363,352,195,1605,982,730,1592,975,738,1592,937,880
250,103.13583276436954,100.40916292848975,93.31130692472375,364,166,66,1633,991,730,1644,950,910,1655,938,1004
251,320.4652867316521,261.6658174083883,219.30344274543435,192,74,72,1460,904,880,1425,898,998,1432,900,1001
252,300.2565569642069,287.1393389976372,308.4898701740464,279,190,73,1499,921,797,1462,905,882,1458,906,1000
253,274.87815482500605,205.44829033116824,191.92185909895724,192,74,71,1460,904,880,1425,898,998,1473,908,1002
254,427.1042027421411,366.2471842895178,345.74123271602997,325,278,190,1522,934,754,1500,922,798,1462,905,882
255,278.8207309365643,277.7372859376285,284.8964724246336,325,278,74,1522,934,754,1500,922,798,1458,906,999
256,78.66384175718855,124.36237373096414,114.16216536138407,364,342,134,1633,991,730,1605,974,747,1559,927,940
257,50.25932749251625,79.51729371652434,82.58934555982388,329,198,176,1587,959,755,1578,933,876,1577,932,898
258,93.89888178247918,134.82952198980755,155.61490931141526,325,352,364,1522,934,754,1592,975,738,1633,991,730
259,97.74968030638259,136.19838471876236,180.22763384120648,279,324,358,1499,921,797,1533,937,756,1634,989,735
260,105.38026380684383,138.45215780189199,168.81646839097186,278,343,362,1500,922,798,1587,969,745,1632,990,732
261,236.71501853494635,180.8562965450747,108.57716150277645,362,283,198,1632,990,732,1505,924,794,1462,904,874
262,242.21890925359233,207.51144546747295,180.70417814760123,358,348,197,1634,989,735,1592,973,742,1498,915,877
263,264.3066400982011,189.54946583939508,126.97637575549241,356,265,198,1634,988,737,1498,919,810,1462,904,874
264,178.86866690396056,201.5589243868899,251.10356429170812,198,265,343,1462,904,874,1495,918,810,1587,969,745
265,296.2718346383942,259.53419813196103,240.35390573069537,362,352,323,1607,983,731,1592,975,738,1522,934,756
266,277.10647773013176,191.30603754194482,123.8305293536291,167,194,130,1673,957,910,1537,925,881,1439,892,939
267,192.59543089076647,140.94679847375036,92.46621004453465,164,190,130,1607,940,911,1508,917,884,1439,892,939
268,141.6368596093545,185.32404053441098,229.63884688789045,192,196,195,1460,904,880,1469,907,877,1545,927,880
269,180.9253989908548,151.09268678529745,112.22744762311936,280,265,198,1503,923,797,1495,918,810,1462,904,874
270,190.5465822312224,196.22690946962396,250.59529125663954,192,196,195,1460,904,880,1465,906,877,1545,927,880
271,206.0242704149198,156.9968152543229,129.12784362793332,195,196,192,1569,932,880,1477,909,877,1460,904,880
272,111.70496855556605,136.47710430691296,185.03513179934237,130,192,141,1439,892,939,1477,909,881,1566,929,933
273,180.26092199919538,132.46508974065583,81.25269226308751,164,190,134,1610,941,911,1508,917,884,1443,893,935
274,174.9771413642365,127.78497564267875,94.29209935090002,191,193,134,1583,935,884,1498,915,881,1443,893,935
275,87.23531395025755,139.74619851716898,190.7590102721232,130,132,164,1439,892,939,1530,920,941,1672,956,913
276,187.20042734993956,129.5569372901351,71.449282711585,167,190,135,1673,957,910,1543,926,884,1445,894,935
277,167.2154299100415,110.40380428228005,60.909769331364245,177,193,190,1628,945,898,1519,920,881,1460,904,882
278,174.6453549339346,114.97825881443848,73.43704787094863,170,136,128,1629,946,906,1522,918,937,1439,892,941
279,139.91783303067555,96.78842906050289,44.73253849269008,138,131,76,1575,931,936,1510,915,941,1432,899,996
280,185.34562309372185,131.15258289488622,70.77428911688199,136,132,74,1626,941,938,1522,918,941,1425,898,998
281,95.90620417887469,68.24954212300622,35.566838487557476,75,76,75,1531,919,998,1497,913,997,1459,906,998
282,203.5165840908303,140.75155416548694,101.63168797181321,74,76,74,1505,915,999,1455,905,997,1423,897,998
283,198.55981466550577,139.59226339593465,95.46727187890099,195,193,185,1623,943,880,1519,920,881,1459,902,886
284,202.56850693037157,138.51353724455961,97.26767191621273,343,196,190,1630,981,747,1510,918,878,1460,904,882
285,140.14278433083882,181.66177363441105,229.86517787607588,192,196,192,1460,904,880,1502,916,878,1587,936,883
286,164.63899902513984,216.25447972238632,271.2876701953113,198,198,356,1462,904,874,1537,925,877,1634,988,737
287,271.9577173017894,207.88939366884497,130.6636904422954,358,279,198,1634,989,735,1504,923,798,1462,904,874
288,118.72657663724664,150.53903148353254,188.56829001717122,267,343,358,1495,918,808,1587,969,745,1634,989,735
289,108.28665661105249,90.18869108707588,48.02082881417188,353,268,251,1635,987,739,1527,924,807,1491,913,822
290,53.85164807134504,69.63476143421474,101.7152889196113,253,268,263,1491,913,820,1509,921,807,1574,930,811
291,59.53990258641679,91.84225606985055,131.07631364972087,265,265,273,1495,918,810,1498,919,810,1549,928,802
292,176.8926227969951,130.56033088193365,94.15412895885129,196,197,192,1583,935,879,1506,917,877,1460,904,880
293,53.41348144429457,84.84102781084161,119.10079764636339,190,193,186,1460,904,882,1506,917,881,1566,930,888
294,84.4866853415377,61.35144660071187,30.54504869860253,176,146,171,1577,932,898,1527,918,926,1463,898,899
295,40.80441152620633,66.4304147209695,93.9095309327014,267,274,337,1495,918,808,1519,924,802,1586,965,750
296,44.14748010928823,96.6229786334493,129.9269025259973,271,282,343,1496,918,804,1522,926,794,1616,977,747
297,122.1720098876989,105.22832318344715,74.5385806143369,342,273,198,1596,971,747,1525,925,802,1480,909,874
298,108.4850220076486,99.07572861200669,62.976185975335156,342,262,251,1605,974,747,1518,921,812,1491,913,822
299,148.5833099644775,128.5418219880207,85.5277732669336,342,265,192,1588,969,746,1498,919,810,1460,904,880
300,78.70196947980399,128.69343417595164,156.02884348735012,278,273,343,1500,922,798,1543,927,802,1619,978,747
301,74.52516353554684,108.17578287213826,138.64342753985852,265,193,133,1495,918,810,1506,917,881,1542,923,941
302,232.91629397704233,171.2425180847327,111.78550889985696,167,146,130,1673,957,910,1551,925,928,1439,892,939
303,113.24310133513653,164.66329281293994,252.2657329087722,71,73,97,1423,897,1001,1495,913,1000,1693,951,976
304,276.87181149405586,204.40645782362162,118.96217886370441,144,73,71,1628,943,930,1530,919,1000,1425,898,1001
305,215.7985171404104,163.37074401495514,121.42487389328431,73,74,74,1562,925,999,1505,915,999,1448,904,999
306,135.00370365289984,106.70051546267244,80.47981113297918,131,76,74,1510,915,941,1455,905,997,1423,897,998
307,90.598013223249,64.1404708432983,42.40283009422838,132,131,117,1530,920,941,1495,911,941,1438,889,951
308,150.6685103132038,120.33702672078948,99.04039579888602,135,132,130,1510,915,937,1466,902,939,1439,892,939
309,145.7772273024837,118.41030360572512,97.082439194738,131,132,128,1510,915,941,1466,902,939,1439,892,941
310,189.21152184790438,140.52046114356443,88.53247991556545,141,131,74,1566,929,933,1495,911,941,1423,897,998
311,177.51056306597644,127.14558584551806,78.82892870006543,133,74,74,1564,928,941,1485,911,999,1423,897,998
312,134.82581355215328,98.50888284819801,63.85138996137829,74,75,71,1530,919,999,1476,909,998,1423,897,1001
313,101.24228365658294,147.83098457360012,201.94306128213466,69,72,70,1422,896,1003,1476,909,1001,1543,921,1002
314,101.20276676059801,155.4123547212383,235.29130880676405,67,71,70,1421,895,1005,1482,910,1002,1577,927,1002
315,284.76657107181666,214.85111123752654,139.86421987055874,73,73,72,1603,931,999,1530,919,1000,1444,903,1001
316,89.74408058473828,125.6383699353028,177.2512341282847,74,72,72,1423,897,998,1459,906,1001,1506,915,1001
317,67.84541251993387,102.25947388873072,157.20368952413298,57,71,70,1421,892,1013,1482,910,1002,1554,923,1002
318,74.75292636412303,104.16813332300815,147.4143819306651,71,73,73,1423,897,1001,1480,910,1000,1541,921,1000
319,78.03204469959762,95.14725429564429,117.31581308587518,72,73,73,1423,897,1000,1448,904,1000,1485,911,1000
320,99.14131328563285,56.098128311023,23.895606290697042,74,71,64,1551,923,999,1492,912,1002,1428,896,1008
321,13.341664064126334,64.37390775772433,102.22035022440492,63,70,70,1446,900,1009,1517,916,1002,1577,927,1002
322,13.341664064126334,55.31726674375732,93.70699013414101,75,73,73,1432,900,998,1505,915,1000,1568,926,999
323,35.298725189445584,68.9492567037528,96.12491872558333,75,74,73,1432,900,998,1490,912,999,1541,921,1000
324,128.74781551544865,95.37295214053091,70.49113419430843,70,63,37,1527,918,1002,1473,905,1009,1422,886,1031
325,261.37712218172425,174.01149387324966,78.87331614684399,97,70,67,1693,951,976,1543,921,1002,1421,895,1005
326,260.8409477056852,231.7584949899356,200.4993765576342,98,69,70,1716,957,976,1618,933,1002,1565,925,1002
327,141.94365079143202,187.13364208500832,227.778401083158,73,73,98,1530,919,1000,1615,933,999,1716,957,976
328,146.181394164921,104.04806581575652,65.4446330878247,133,76,74,1573,930,941,1492,912,997,1425,898,998
329,155.1934276958918,105.4229576515476,53.563046963368315,73,74,74,1574,927,999,1500,914,999,1425,898,998
330,97.3344748791506,61.40032573203501,30.93541659651604,149,131,129,1560,927,925,1495,911,941,1441,893,941
331,110.7158525234756,78.56844150166147,44.598206241955516,74,74,74,1530,919,999,1480,910,999,1425,898,998
332,74.22263805605402,106.28734637763802,137.17871555019022,76,75,97,1549,922,996,1615,933,997,1693,951,976
333,137.90213921473443,114.65600725648875,102.40117186829455,80,73,71,1663,942,992,1615,933,999,1582,928,1001
334,200.59162494979694,188.61601204563732,174.39323381370048,99,126,73,1693,951,974,1643,942,947,1580,928,999
335,124.15313125330347,141.7321417322126,153.53501229361333,74,75,73,1505,915,999,1541,921,998,1562,925,999
336,136.70771741200275,89.23564310296643,46.24932431938871,73,73,69,1562,925,999,1495,913,1000,1424,897,1003
337,40.85339643163099,15.937377450509228,0.0,76,77,83,1565,925,996,1521,916,995,1488,903,986
338,50.049975024968795,82.15229759416349,125.6383699353028,46,68,70,1424,889,1023,1507,914,1004,1577,927,1002
339,107.96295661012624,82.62566187329455,56.79788728465171,190,191,138,1517,919,884,1482,910,882,1448,894,931
340,84.52810183601665,103.66291525902598,129.56079653969405,74,74,73,1423,897,998,1448,904,999,1495,913,1000
341,151.7003625572464,127.45587471748802,112.55665240224586,197,192,190,1498,915,877,1465,906,881,1460,904,882
342,110.48076755707302,127.7888884058391,151.90128373387765,74,75,75,1423,897,998,1444,903,998,1476,909,998
343,128.00781226159597,145.00689638772357,176.40294782117445,190,190,193,1460,904,882,1462,905,882,1502,916,881
344,404.46631503748245,282.25520367213784,161.55184926208676,136,73,74,1594,935,938,1500,914,1000,1425,898,998
345,221.30070040557936,371.07950630558946,537.5360453030104,72,74,71,1422,896,1000,1425,898,998,1425,898,1001
346,462.680235151665,342.3828266721332,256.58137110866016,352,196,192,1592,975,738,1465,906,877,1460,904,880
347,192.00260414900626,216.48325570353012,266.04698833100895,190,190,193,1460,904,882,1462,905,882,1498,915,881
348,116.16367762773353,93.38629449764028,77.40800992145451,340,198,198,1599,971,748,1507,917,876,1462,904,874
349,114.14464507807627,85.74380444090407,64.28841264178172,73,72,67,1505,915,1000,1459,906,1001,1421,895,1005
350,83.50449089719666,105.53198567259123,127.09445306542689,131,135,136,1443,894,939,1488,909,937,1534,921,937
351,119.06720791217035,72.35329985563892,34.9857113690718,74,73,69,1551,923,999,1490,912,1000,1424,897,1003
352,121.92620719107111,131.83702059740276,149.73309587395835,74,75,76,1423,897,998,1432,900,998,1450,904,997
353,217.00921639414304,161.65085833363213,63.15853069855251,97,73,74,1693,951,976,1562,925,999,1423,897,998
354,181.20430458463176,124.47489706764172,83.73171442171717,70,72,59,1527,918,1002,1459,906,1001,1420,892,1012
355,232.84329494318706,203.74739262135355,181.0414317221337,167,147,134,1673,957,910,1602,938,927,1546,924,940
356,318.84792613407416,253.21334877924585,194.69206455323237,166,133,74,1644,950,910,1564,928,941,1480,910,999
357,97.53460924205315,77.21398836998384,56.859475903318,132,133,128,1514,916,941,1485,908,939,1439,892,941
358,144.8965147959053,131.4115672229808,110.28145809699834,165,75,74,1675,957,912,1609,932,997,1551,923,999
359,345.4127965203374,301.74326835904725,260.954018938203,363,354,325,1605,982,730,1592,975,736,1522,934,754
360,290.7455932598119,318.87615150713293,364.01098884511714,325,325,363,1522,934,754,1522,934,754,1605,982,730
361,259.4166532819356,311.8926097232828,378.4098307391075,325,325,363,1522,934,754,1522,934,754,1605,982,730
362,384.7908522821196,337.764711004569,301.8691769624716,363,354,325,1605,982,730,1592,975,736,1522,934,754
363,358.02932840760405,316.46958779636316,297.20195154137195,363,325,325,1605,982,730,1522,934,754,1522,934,754
364,303.5753613190636,337.6299749726022,409.45085175146477,325,325,363,1522,934,754,1522,934,754,1605,982,730
365,268.3542434916951,291.98801345260733,330.1726820922652,279,325,325,1499,921,797,1522,934,754,1524,935,755
366,252.7231687044146,308.15742729974886,377.82270974625123,279,323,362,1499,921,797,1522,934,756,1607,983,731
367,373.26666071322256,318.7867625859016,269.00371744643235,362,325,325,1607,983,731,1524,935,755,1522,934,754
368,370.47671991638015,299.7482276845019,242.4664925304113,362,323,279,1607,983,731,1522,934,756,1499,921,797
369,137.55362590640786,136.15799645999496,155.12897859523216,279,282,283,1499,921,797,1502,923,795,1505,924,794
370,124.47489706764172,165.9698767849154,195.04102132628407,265,272,354,1495,918,810,1527,925,803,1632,987,738
371,101.84792585025971,71.20393247567159,50.813384063650005,195,197,192,1533,924,879,1498,915,877,1460,904,880
372,97.77525249264254,51.87484939737175,16.673332000533065,76,76,88,1549,922,996,1502,914,997,1447,892,981
373,76.36753236814714,48.55924216871593,16.09347693943108,75,76,80,1541,921,998,1497,913,997,1447,900,992
374,87.25250712730265,53.04714883949938,22.293496809607955,133,77,83,1542,923,941,1491,911,995,1442,896,988
375,70.14271166700073,47.46577714522327,25.03996805109783,134,131,119,1546,924,940,1503,913,941,1453,894,950
376,57.56735185849702,35.608987629529715,10.295630140987,132,121,117,1534,921,941,1502,909,950,1458,895,952
377,102.41093691593686,70.5620294492725,30.14962686336267,176,142,135,1577,932,898,1513,915,930,1458,899,935
378,25.787593916455254,54.08326913195984,78.44106067615353,145,142,145,1453,894,924,1517,916,930,1563,928,929
379,50.15974481593781,30.364452901377952,5.744562646538029,136,133,136,1530,920,937,1499,912,939,1459,899,934
380,50.85272854036448,25.019992006393608,5.830951894845301,75,77,88,1522,917,997,1486,910,995,1443,891,981
381,52.1344415909483,28.053520278211074,0.0,76,76,81,1539,920,996,1492,912,997,1438,895,989
382,56.929781309961136,35.679125549822544,15.748015748023622,70,68,45,1527,918,1002,1492,911,1004,1443,892,1024
383,5.477225575051661,28.861739379323623,48.67237409455183,76,74,72,1438,901,997,1485,911,999,1515,916,1000
384,24.06241883103193,48.11444689487763,71.42828571371429,32,28,56,1437,888,1036,1493,897,1039,1536,913,1014
385,73.70210309075311,45.67274898667694,18.867962264113206,66,17,9,1550,920,1006,1499,896,1050,1446,884,1058
386,92.64987857520376,59.20304046246274,17.204650534085253,146,133,129,1555,926,928,1506,914,939,1457,899,941
387,101.3755394560246,67.26812023536856,34.36568055487916,132,76,79,1526,919,941,1482,910,997,1440,899,993
388,121.28066622508305,86.13361713059541,42.08325082500163,141,132,131,1566,929,933,1514,916,941,1443,894,939
389,115.60709320798617,83.19254774317228,40.93897898091744,149,136,135,1574,931,925,1514,916,937,1458,899,935
390,133.1277581873893,111.0,99.88993943335835,196,192,192,1469,907,877,1462,905,880,1460,904,880
391,138.55323886506588,160.77624202599088,175.66160650523494,279,198,342,1504,923,798,1542,926,877,1596,971,747
392,133.64505228402584,132.89469515371937,114.51200810395389,343,282,283,1587,969,745,1522,926,794,1505,924,794
393,155.9615337190552,146.87749997872376,143.87147041717478,342,341,198,1605,974,747,1593,970,747,1543,926,876
394,182.46643526961336,160.1280737409902,108.83014288330233,362,343,282,1607,983,731,1587,969,745,1502,923,795
395,115.15641536623133,142.11614968046382,163.52675622050356,282,284,325,1502,923,795,1505,924,793,1524,935,755
396,241.78709642989637,221.54006409676782,193.05180651835403,359,358,352,1621,986,734,1606,982,734,1592,975,738
397,236.1524931056202,215.3810576629245,196.85781671043696,356,342,195,1634,988,737,1605,974,747,1569,932,880
398,228.71379494905855,255.180328395431,297.07574791625115,198,192,166,1537,925,877,1587,936,883,1644,950,910
399,249.7318561978027,215.64322386757252,193.82724266727834,167,173,194,1673,957,910,1610,941,902,1565,931,881
400,132.18169313486644,152.52540771950095,167.97916537475712,196,196,197,1473,908,877,1510,918,878,1541,926,878
401,203.1698796573941,177.81169815284932,157.28318409798297,282,265,198,1502,923,795,1495,918,810,1462,904,874
402,227.34555196880365,196.3389925613351,167.40669042783207,325,278,278,1524,935,755,1500,922,798,1500,922,798
403,150.6685103132038,165.71662559924397,196.27786426390523,267,278,283,1495,918,808,1500,922,798,1505,924,794
404,139.8070098385628,151.04304022363957,180.07498438150702,267,278,283,1495,918,808,1500,922,798,1505,924,794
405,236.8564966387876,201.5365971728212,175.22842235208304,362,325,279,1607,983,731,1524,935,755,1499,921,797
406,178.0056178888745,214.14714567324964,252.43811122728675,279,278,325,1499,921,797,1500,922,798,1524,935,755
407,101.9803902718557,133.36791218280356,165.81917862539302,323,343,362,1522,934,756,1587,969,745,1632,990,732
408,145.57472308062276,172.45869070591948,198.88438852760666,278,343,364,1500,922,798,1587,969,745,1633,991,730
409,198.15650380444242,186.27130750601393,148.6371420607918,364,352,323,1633,991,730,1592,975,738,1522,934,756
410,245.89021940695406,213.7030650224746,194.4505078419699,362,354,325,1607,983,731,1592,975,736,1522,934,754
411,206.81634364817495,175.8038679893022,124.22962609619333,362,354,325,1607,983,731,1592,975,736,1522,934,754
412,229.76074512413996,188.05318396666408,141.58389738949836,362,354,325,1607,983,731,1592,975,736,1522,934,754
413,145.9588983241515,187.92285651298513,221.46331524656628,325,354,363,1522,934,754,1592,975,736,1605,982,730
414,194.3064589765353,178.8798479426903,167.57983172207807,354,354,325,1592,975,736,1592,975,736,1524,935,755
415,201.9356333092305,175.86642658563346,142.75153239107453,362,354,325,1607,983,731,1592,975,736,1522,934,754
416,242.91150652037874,193.25113195011303,146.8945199794737,362,354,325,1607,983,731,1592,975,736,1522,934,754
417,155.5313473226539,185.9919353090343,227.0704736419951,326,354,362,1523,934,753,1592,975,736,1607,983,731
418,219.4219679065886,193.25889371514057,159.05030650709227,362,354,325,1607,983,731,1592,975,736,1522,934,754
419,207.17142660125697,185.20529150107996,133.76471881628578,362,352,323,1607,983,731,1592,975,738,1522,934,756
420,329.4252570766243,259.40316112183365,220.87553055963443,362,325,279,1607,983,731,1524,935,755,1499,921,797
421,278.74540354954735,250.6192331007339,231.43681643161273,362,352,282,1607,983,731,1592,975,738,1502,923,795
422,289.44947745677484,253.25283808873692,238.7697635798972,362,352,279,1607,983,731,1592,975,738,1499,921,797
423,238.6063704095094,241.73952924583932,265.2357441974969,325,325,362,1522,934,754,1522,934,754,1607,983,731
424,182.01373574541017,237.05484597451283,294.6760933635438,325,354,362,1522,934,754,1592,975,736,1607,983,731
425,187.14967272212903,230.3410514867031,280.5583718230486,325,354,362,1522,934,754,1592,975,736,1607,983,731
426,219.85677155821242,206.6978471102203,233.67284823016988,325,352,362,1522,934,754,1592,975,738,1607,983,731
427,214.5367101453735,240.3289412451193,289.44602260179704,323,352,362,1522,934,756,1592,975,738,1607,983,731
428,282.4712374738356,248.3606248985535,220.83930809527547,362,352,282,1607,983,731,1592,975,738,1502,923,795
429,211.31019852340302,185.9193373482167,149.17774632967212,364,349,278,1633,991,730,1591,973,741,1500,922,798
430,146.181394164921,143.05593311708537,129.00387591076478,351,342,277,1607,979,740,1588,969,746,1506,923,799
431,147.14958375748128,157.45793088949188,194.20865068271289,279,280,342,1499,921,797,1503,923,797,1588,969,746
432,109.73149046650191,157.20687007888682,178.01123560045303,278,342,356,1500,922,798,1588,969,746,1634,988,737
433,258.01937911715083,232.66714422109538,211.45685139053782,97,73,74,1693,951,976,1609,932,999,1551,923,999
434,167.29016707505556,215.5110205998756,257.33441277839233,70,70,98,1527,918,1002,1606,931,1002,1716,957,976
435,240.49116407884927,215.2812114421507,187.71520982594885,98,69,70,1716,957,976,1624,934,1002,1565,925,1002
436,169.8646520027048,196.01020381602586,235.6713813766958,73,69,98,1574,927,999,1624,934,1002,1716,957,976
437,176.72011770027768,217.02304025149036,260.6702898298922,70,70,70,1527,918,1002,1600,930,1002,1666,941,1001
438,231.2876996297036,212.07074291377393,183.60283222216373,97,73,73,1693,951,976,1615,933,999,1562,925,999
439,226.2144999773445,212.5111761766896,180.21653642216077,96,73,74,1669,945,976,1603,931,999,1551,923,999
440,167.8809101714665,204.97316897584426,242.64789304669432,71,69,98,1582,928,1001,1636,936,1002,1716,957,976
441,157.6356558650358,192.753728887407,224.76877007271273,70,69,70,1565,925,1002,1624,934,1002,1666,941,1001
442,106.44247272588137,74.65922581972036,24.351591323771842,77,73,73,1643,938,994,1562,925,999,1458,906,1000
443,77.23988606931007,105.03332804400706,129.5414991421668,129,80,87,1547,923,944,1618,933,991,1657,941,985
444,76.249590162833,109.54907576059234,139.73546436034053,133,119,97,1582,932,941,1644,941,953,1693,951,976
445,83.36666000266533,84.11896337925236,98.79777325425913,285,342,344,1503,923,792,1588,969,746,1637,983,746
446,37.86819245752297,34.058772731852805,6.4031242374328485,350,283,256,1622,982,741,1582,935,792,1533,922,818
447,32.218007387174026,19.748417658131498,0.0,337,271,236,1638,978,751,1588,934,803,1535,914,834
448,49.53786430600334,43.15089802078283,24.124676163629637,329,263,243,1608,964,756,1574,930,811,1537,919,829
449,94.70480452437458,74.3370701601832,46.10856753359401,195,190,180,1569,932,880,1508,917,884,1459,900,890
450,47.36032094485847,25.96150997149434,9.899494936611665,196,198,201,1565,931,879,1535,924,876,1494,911,871
451,122.86984984120393,118.68024266911489,108.07867504739313,342,342,282,1605,974,747,1588,969,746,1522,926,794
452,75.47847375245475,81.73738434767778,110.16805344563369,325,351,358,1525,935,754,1593,975,739,1638,989,735
453,94.678403028357,90.75791976461338,94.50396817065408,325,343,357,1522,934,754,1587,969,745,1608,982,735
454,96.17692030835673,96.60745312862771,120.04165943538102,325,343,362,1522,934,754,1587,969,745,1632,990,732
455,76.3544366752843,69.0941386804988,93.1074647920348,325,352,358,1522,934,754,1592,975,738,1638,989,735
456,85.55699854482975,114.35471131527551,118.10588469674151,285,338,359,1503,923,792,1585,965,749,1621,986,734
457,260.42081330031976,238.97489407885507,218.8880992653552,353,191,192,1635,987,739,1622,943,884,1587,936,883
458,241.06015846671968,216.12959075517634,194.26270872197782,166,192,195,1649,951,910,1601,939,883,1569,932,880
459,196.29314812290315,213.92054599780732,233.7819496881656,195,192,166,1578,934,880,1601,939,883,1658,953,910
460,200.78346545470322,180.11107683871083,149.0570360633808,170,191,193,1629,946,906,1579,934,884,1502,916,881
461,33.2264954516723,67.65352910233139,108.94952959971879,204,193,132,1503,912,868,1498,915,881,1530,920,941
462,270.1407040784487,241.40008285002722,226.12607103118384,167,166,173,1673,957,910,1644,950,910,1610,941,902
463,309.7305280401013,287.81070167733515,276.3512257978965,358,352,352,1606,982,734,1592,975,738,1592,975,738
464,321.7965195585558,297.3768652736793,285.5118211212979,358,352,352,1606,982,734,1592,975,738,1592,975,738
465,483.6217530260607,453.1346378285377,447.16104481495256,325,325,325,1522,934,754,1522,934,754,1522,934,754
466,440.29308420641814,460.6061224082893,501.73000707551864,325,325,325,1522,934,754,1522,934,754,1522,934,754
467,566.1819495533216,497.5087938921281,438.9236835715293,325,325,325,1522,934,754,1522,934,754,1522,934,754
468,454.8692119719689,510.687771539519,553.4022045492771,325,325,325,1522,934,754,1522,934,754,1522,934,754
469,580.2223711647113,499.2023637764549,452.1559465494178,325,325,325,1522,934,754,1522,934,754,1522,934,754
470,580.8519604856301,548.2353509214815,530.7928032669622,325,325,325,1522,934,754,1522,934,754,1522,934,754
471,580.1043009666452,540.5931927059386,518.3570198232103,325,325,325,1522,934,754,1522,934,754,1522,934,754
472,569.7051869168824,541.1441582425149,522.5112438981577,325,325,325,1522,934,754,1522,934,754,1522,934,754
473,607.531069164368,553.8862699146821,510.2783554100644,325,325,325,1522,934,754,1522,934,754,1522,934,754
474,476.6497666001736,454.33247737752583,451.56284169537247,325,325,325,1522,934,754,1522,934,754,1522,934,754
475,456.6607055572003,430.3545050304458,422.49970414190824,325,325,325,1522,934,754,1522,934,754,1522,934,754
476,462.2585856422788,434.28216633889076,428.6851991846698,354,325,325,1592,975,736,1522,934,754,1522,934,754
477,463.2321232384473,425.16584999268224,420.9940617158394,325,325,325,1522,934,754,1522,934,754,1522,934,754
478,461.1041097192694,426.9918032000146,416.5633205168213,354,325,325,1592,975,736,1522,934,754,1522,934,754
479,482.49352327259277,435.08389995493974,417.58472194274543,354,325,325,1592,975,736,1522,934,754,1522,934,754
480,481.27019438149296,431.35368318816984,406.0504894714449,354,325,325,1592,975,736,1522,934,754,1522,934,754
481,523.6086324727659,474.8641911115219,446.0650176824002,325,325,325,1522,934,754,1522,934,754,1522,934,754
482,508.6511574743539,439.878392285868,394.09262870548594,325,325,325,1522,934,754,1522,934,754,1522,934,754
483,476.4514665734591,444.2488041627124,433.62656745176486,354,325,325,1592,975,736,1522,934,754,1522,934,754
484,504.0674558032883,464.3123948377859,440.87866811629704,325,325,325,1522,934,754,1522,934,754,1522,934,754
485,517.8822259935168,472.41718851032505,443.99211704713855,325,325,325,1522,934,754,1522,934,754,1522,934,754
486,447.10848795342724,458.48664102675883,474.8473438906445,325,325,325,1522,934,754,1522,934,754,1522,934,754
487,359.33549782897876,420.1487831709143,481.43223822257687,325,325,354,1522,934,754,1522,934,754,1592,975,736
488,449.90110024315345,408.65755835417997,365.2738698565776,354,325,325,1592,975,736,1522,934,754,1522,934,754
489,512.2352974952039,456.331020203536,426.017605270017,354,325,325,1592,975,736,1522,934,754,1522,934,754
490,415.77036931460134,434.8195027824764,487.45563900728445,279,325,325,1499,921,797,1522,934,754,1522,934,754
491,532.3354205761626,486.0637818229209,426.5231529471759,325,325,325,1522,934,754,1522,934,754,1522,934,754
492,412.62695016200774,441.18703516762594,477.5185860257169,325,325,325,1522,934,754,1522,934,754,1522,934,754
493,553.2323200970818,512.6529040198641,471.79974565487,325,325,325,1522,934,754,1522,934,754,1522,934,754
494,401.1957128385098,466.1555534368329,549.0974412615669,325,325,354,1522,934,754,1522,934,754,1592,975,736
495,546.8281265626339,494.78682278330734,462.0963103077106,354,325,325,1592,975,736,1522,934,754,1522,934,754
496,551.3202336210779,522.4758367618545,509.2278468426486,325,325,325,1522,934,754,1522,934,754,1522,934,754
497,524.0238544188613,512.6694841708447,516.5404146821428,325,325,325,1522,934,754,1522,934,754,1522,934,754
498,527.8721436105527,496.6457490002305,467.8557469990082,325,325,325,1522,934,754,1522,934,754,1522,934,754
499,528.3758132238833,481.8350340106041,454.3841986689238,325,325,325,1522,934,754,1522,934,754,1522,934,754
500,463.7822765048272,414.2137129550397,368.80889360209306,354,325,325,1592,975,736,1522,934,754,1522,934,754
501,368.5661406043697,401.2343454890172,463.6097496817771,325,325,354,1522,934,754,1522,934,754,1592,975,736
502,350.9558376776201,414.3138906674503,488.78011416177725,325,325,354,1522,934,754,1522,934,754,1592,975,736
503,390.29988470405675,426.3167836245718,476.7661900764357,279,325,325,1499,921,797,1522,934,754,1522,934,754
504,391.38855374167497,410.19751340055683,460.53230071299015,279,279,325,1499,921,797,1499,921,797,1522,934,754
505,406.0320184418958,491.107931110871,597.2361342048888,279,278,325,1499,921,797,1500,922,798,1522,934,754
506,582.6516969854289,504.31141172890386,428.51371039909566,325,325,279,1522,934,754,1522,934,754,1499,921,797
507,642.8833486722144,653.64363379444,671.2898032891607,325,325,325,1522,934,754,1522,934,754,1522,934,754
508,531.6521419123599,588.6815777650936,653.6313945948435,325,325,325,1522,934,754,1522,934,754,1522,934,754
509,642.7767886288366,576.2265179597343,540.2712281808092,325,325,279,1522,934,754,1522,934,754,1499,921,797
510,677.490221331644,610.5292785772031,538.1208042809718,325,325,279,1522,934,754,1522,934,754,1499,921,797
511,653.8822523971728,572.0183563488151,507.60319147932864,325,325,279,1522,934,754,1522,934,754,1499,921,797
512,419.05369584338473,484.45226803060797,600.5738922064462,279,278,325,1499,921,797,1500,922,798,1522,934,754
513,428.4927070557911,394.812613780259,375.99335100504106,192,192,192,1460,904,880,1460,904,880,1460,904,880
514,297.63400343374747,333.45614404296106,369.98513483652283,282,352,358,1502,923,795,1592,975,738,1606,982,734
515,349.60263156904296,304.34355587066403,267.0374505570333,362,325,279,1607,983,731,1522,934,754,1499,921,797
516,309.4155781469317,291.2885167664527,290.4014462773903,198,192,190,1462,904,874,1460,904,880,1462,905,882
517,239.83536019528063,274.3902330623304,342.7841886668637,130,190,190,1439,892,939,1460,904,882,1462,905,882
518,232.1098877687032,307.2751210234893,409.33360477732583,130,190,132,1439,892,939,1462,905,882,1522,918,941
519,454.6702101523697,473.19974640737075,503.64074497601956,279,279,325,1499,921,797,1499,921,797,1522,934,754
520,669.1023837948868,639.5021501136646,608.4365209288476,325,325,325,1522,934,754,1522,934,754,1522,934,754
521,680.2058511950629,587.5551037987841,510.0607806918701,325,279,279,1522,934,754,1499,921,797,1499,921,797
522,682.1158259416065,590.5954622243554,501.745951652826,325,325,279,1522,934,754,1522,934,754,1499,921,797
523,612.0367636016647,556.1519576518633,501.7678746193303,282,278,278,1502,923,795,1500,922,798,1500,922,798
524,572.623785744183,526.3800908089135,503.54145807470513,325,325,325,1522,934,754,1522,934,754,1522,934,754
525,581.0972379903384,549.0482674592463,529.3807703345485,325,325,325,1522,934,754,1522,934,754,1522,934,754
526,614.8390033171286,575.4076815615168,539.2606049026759,325,325,325,1522,934,754,1522,934,754,1522,934,754
527,637.9514088079122,593.9898989040133,551.2549319507264,325,325,325,1522,934,754,1522,934,754,1522,934,754
528,544.3978324718055,589.6609195122227,628.7932887682565,325,325,325,1522,934,754,1522,934,754,1522,934,754
529,673.631204740398,603.5735249329613,551.3637637712511,325,325,325,1522,934,754,1522,934,754,1522,934,754
530,664.3538213933897,614.6616955691968,560.5970032028356,325,325,325,1522,934,754,1522,934,754,1522,934,754
531,544.0386015716164,568.0853809067788,612.1617433325935,279,325,325,1499,921,797,1522,934,754,1522,934,754
532,637.5680355852229,578.7469222380366,533.342291591432,325,325,325,1522,934,754,1522,934,754,1522,934,754
533,555.7202533649462,536.5948192071928,532.8508234018223,325,325,325,1522,934,754,1522,934,754,1522,934,754
534,598.4028743246477,551.1370065600748,516.6062330247285,325,325,325,1522,934,754,1522,934,754,1522,934,754
535,671.2898032891607,638.1629885852046,611.4392856204122,325,325,325,1522,934,754,1522,934,754,1522,934,754
536,592.2187095997559,539.3662948312584,494.2489251379309,325,325,325,1522,934,754,1522,934,754,1522,934,754
537,606.4008575191826,557.2674402833885,524.2528016138779,325,325,325,1522,934,754,1522,934,754,1522,934,754
538,504.7326024738247,451.8462127759842,412.22809220139277,354,325,325,1592,975,736,1522,934,754,1522,934,754
539,549.4124134018087,574.7034017647712,605.8423887447956,325,325,325,1522,934,754,1522,934,754,1522,934,754
540,525.1561672493241,406.48985227186176,343.2506372900129,352,282,198,1592,975,738,1502,923,795,1462,904,874
541,465.8723000995015,435.90595315962366,409.20532743355136,325,325,282,1522,934,754,1522,934,754,1502,923,795
542,421.2327147788975,376.00132978488256,324.2899936784976,354,354,325,1592,975,736,1592,975,736,1522,934,754
543,407.98406831639886,365.8155272811694,316.7617401139222,363,354,325,1605,982,730,1592,975,736,1522,934,754
544,459.7662449549771,426.3449307778855,386.1411658966187,363,325,325,1605,982,730,1522,934,754,1522,934,754
545,460.89586676384937,422.32215191723014,389.2043165228258,360,354,325,1603,981,732,1592,975,736,1522,934,754
546,254.77244748991205,302.97854709533476,349.35512018575025,325,325,360,1522,934,754,1522,934,754,1603,981,732
547,308.7523279264466,287.2925338396388,263.56593103054877,363,354,325,1605,982,730,1592,975,736,1522,934,754
548,401.31533735953826,381.7721833764215,367.2900760978984,363,354,354,1605,982,730,1592,975,736,1592,975,736
549,352.814398799142,319.27104472532426,281.215220071745,363,354,325,1605,982,730,1592,975,736,1522,934,754
550,322.08539240394,283.4960317182588,241.2819926973416,363,354,325,1605,982,730,1592,975,736,1522,934,754
551,289.3043380248558,315.2665538873415,347.98275819356337,325,354,363,1522,934,754,1592,975,736,1605,982,730
552,386.1321017475755,332.2062612293754,305.761344842673,363,325,325,1605,982,730,1522,934,754,1522,934,754
553,339.1518833797035,346.2340249022329,359.6929245898507,325,325,325,1522,934,754,1522,934,754,1522,934,754
554,352.5251764058845,352.4457405048329,363.92993831230757,325,325,325,1522,934,754,1522,934,754,1522,934,754
555,362.16432734326554,355.8398516186741,368.0557023060504,325,325,325,1522,934,754,1522,934,754,1522,934,754
556,452.05309422677334,420.00238094563224,386.73117278026604,354,325,325,1592,975,736,1522,934,754,1522,934,754
557,338.2986845969106,347.4794957979535,358.64327680858594,325,325,325,1522,934,754,1522,934,754,1522,934,754
558,257.3052661723036,283.31431308707295,321.5618136533006,325,325,325,1522,934,754,1522,934,754,1522,934,754
559,345.4866133441352,345.3071096864355,349.817095065407,325,325,325,1522,934,754,1522,934,754,1522,934,754
560,339.4377704381173,350.4168945698823,380.61135032996583,325,325,354,1522,934,754,1522,934,754,1592,975,736
561,145.41664278891878,131.24785712536413,138.8668426947196,285,323,325,1503,923,792,1522,934,756,1524,935,755
562,490.3468160394233,563.9308468243247,655.3701244335143,278,278,282,1500,922,798,1500,922,798,1502,923,795
563,677.1255422741044,642.0077881147549,618.160173417861,325,325,278,1522,934,754,1522,934,754,1500,922,798
564,631.4055748882805,576.8344649897404,536.5743191767567,325,325,278,1522,934,754,1522,934,754,1500,922,798
565,543.2577657061149,545.3100035759476,531.2682938026699,354,192,73,1592,975,736,1465,906,881,1448,904,1000
566,546.4402986603386,477.22217048247035,429.5451082249686,325,325,133,1522,934,754,1522,934,754,1491,910,939
567,548.3073955364819,467.67189353220704,422.63341088939006,325,323,74,1522,934,754,1522,934,756,1448,904,999
568,504.1239926843395,547.995437937215,595.1470406546604,278,325,325,1500,922,798,1522,934,754,1522,934,754
569,402.4649053023133,341.1656489155964,285.1192732875138,74,74,74,1425,898,998,1423,897,998,1423,897,998
570,350.7306658962116,399.7211528053025,458.0534903261845,192,352,352,1477,909,881,1592,975,738,1592,975,738
571,298.36052017651394,262.93915646019707,221.43847904101943,351,193,192,1593,975,739,1506,917,881,1465,906,881
572,320.1952529317073,295.599391068385,266.6439573663727,358,351,197,1606,982,734,1593,975,739,1506,917,877
573,249.5115227800111,301.13618181812694,364.9452013659037,70,74,71,1421,895,1002,1423,897,998,1425,898,1001
574,276.530287672074,231.73044685582428,203.21663317750347,71,71,67,1425,898,1001,1423,897,1001,1421,895,1005
575,212.99295763005875,240.71975407099436,285.8898389240163,74,74,75,1423,897,998,1425,898,998,1432,900,998
576,622.5961773091768,580.1198152106166,552.1829406999098,325,325,279,1522,934,754,1522,934,754,1499,921,797
577,631.1045872119771,588.062921803441,556.457545550422,325,325,325,1522,934,754,1522,934,754,1522,934,754
578,508.19779613847203,515.1601692677725,529.2796992139412,325,325,325,1522,934,754,1522,934,754,1522,934,754
579,650.8801733038117,598.5557618133836,544.7650869870425,325,325,325,1522,934,754,1522,934,754,1522,934,754
580,523.534144063212,476.31187262129004,434.01497670011344,354,325,325,1592,975,736,1522,934,754,1522,934,754
581,495.15351154970114,526.3857900817612,559.4658166501328,325,325,352,1522,934,754,1522,934,754,1592,975,738
582,601.232068339672,582.8773455882464,569.6437483199478,325,325,325,1522,934,754,1522,934,754,1522,934,754
583,618.0177990964338,651.2526391501227,703.2197380620086,192,192,192,1460,904,880,1460,904,880,1460,904,880
584,539.0398872068745,569.6507702092572,595.7214113996575,192,192,192,1462,905,880,1462,905,880,1462,905,880
585,507.63274126084497,551.5124658609268,596.4444651432352,192,190,74,1462,905,880,1462,905,882,1425,898,998
586,569.3013261885133,598.8697688145562,636.9058015122802,192,192,192,1462,905,880,1462,905,880,1462,905,880
587,261.17618574441275,283.73403038761495,309.4285054742048,279,279,325,1499,921,797,1499,921,797,1522,934,754
588,176.74275091216612,297.21709237525357,431.4834875171934,67,73,73,1421,895,1005,1448,904,1000,1505,915,1000
589,388.394129718769,454.5118260287624,537.0661039387982,75,73,73,1432,900,998,1444,903,1000,1448,904,1000
590,663.2691761268572,560.0660675313226,450.75492232475955,325,192,71,1522,934,754,1460,904,880,1425,898,1001
591,648.138102567655,519.8980669323555,414.850575508821,278,190,71,1500,922,798,1460,904,882,1425,898,1001
592,507.01676500881115,470.0308500513557,441.6061593773348,192,74,72,1462,905,880,1425,898,998,1440,902,1001
593,510.4125782149182,480.358199680197,443.45123745458193,325,278,192,1522,934,754,1500,922,798,1462,905,880
594,646.3211276138202,548.7312639170472,487.80426402400377,325,279,192,1522,934,754,1499,921,797,1460,904,880
595,628.9507134903338,547.7599839345696,467.2504681645595,325,278,75,1522,934,754,1500,922,798,1440,902,998
596,585.2520824396954,522.123548597456,469.9287179988046,325,278,75,1522,934,754,1500,922,798,1444,903,998
597,638.2178311517158,578.5378120745437,526.9554060829056,190,75,72,1462,905,882,1432,900,998,1444,903,1001
598,713.4549740523224,619.5958360092488,578.4332286444132,325,192,74,1522,934,754,1462,905,880,1425,898,998
599,691.6834536115491,543.5908387749006,441.36266267096045,325,192,72,1522,934,754,1462,905,880,1432,900,1001
600,697.5535821712909,573.4989101994877,503.66754908371854,325,192,72,1522,934,754,1462,905,880,1432,900,1001
601,581.1325150084101,511.5671998867793,453.81273670975787,278,74,72,1500,922,798,1425,898,998,1432,900,1001
602,624.6454994634956,577.3915482581989,503.87498449516227,325,278,74,1522,934,754,1500,922,798,1425,898,998
603,696.2190747171468,597.9648819119732,497.3399239956511,325,192,72,1522,934,754,1460,904,880,1432,900,1001
604,688.8483142172884,640.047654475821,594.9487372875078,325,278,192,1522,934,754,1500,922,798,1462,905,880
605,611.4989779222857,534.5287644271353,470.3509328150631,325,278,75,1522,934,754,1500,922,798,1444,903,998
606,575.2121347815952,525.5454309572104,470.3371131433283,325,192,74,1522,934,754,1462,905,880,1425,898,998
607,475.647979076964,465.7187992769886,470.28183039534923,354,354,352,1592,975,736,1592,975,736,1592,975,738
608,294.96779485225164,290.58561561095894,300.3914113286197,325,323,282,1522,934,754,1522,934,756,1502,923,795
609,346.701600803919,329.64526388225266,332.2378665956065,325,354,352,1522,934,754,1592,975,736,1592,975,738
610,319.99687498474105,286.54144551879403,270.96309711840837,325,282,73,1522,934,754,1502,923,795,1505,915,1000
611,389.68833700792226,379.11871491658127,368.7505932198618,325,325,282,1522,934,754,1522,934,754,1502,923,795
612,578.4366862501029,560.8047788669422,544.1304990533062,325,325,325,1522,934,754,1522,934,754,1522,934,754
613,437.499714285621,413.3509404852008,406.3520641020542,354,352,352,1592,975,736,1592,975,738,1592,975,738
614,511.24749388138815,498.92384188370875,506.6014212376432,354,352,196,1592,975,736,1592,975,738,1498,915,878
615,637.798557539918,574.8364984932672,524.6732316404183,325,325,192,1522,934,754,1522,934,754,1462,905,880
616,506.8145617481802,424.47496981565354,377.064981137204,325,325,278,1522,934,754,1522,934,754,1500,922,798
617,434.0115205844195,382.06936542989155,353.09063992125306,198,192,74,1462,904,874,1460,904,880,1423,897,998
618,358.332248060372,346.20947416268086,327.0122321871156,363,351,135,1605,982,730,1593,975,739,1585,933,939
619,373.0026809555127,338.8096810895462,320.66493416025395,363,352,73,1605,982,730,1592,975,738,1562,925,999
620,295.1948509036023,303.2507213511618,326.5409622084188,362,362,358,1607,983,731,1607,983,731,1606,982,734
621,270.8468201770144,280.07677518851864,294.0,352,283,194,1592,975,738,1505,924,794,1533,924,880
622,654.7900426854397,595.0672230933242,561.8158061144239,325,325,325,1522,934,754,1522,934,754,1522,934,754
623,683.4222706350738,618.0291255272683,565.6721665417169,325,325,325,1522,934,754,1522,934,754,1522,934,754
624,604.0802926763957,584.2858889276721,573.1963014535247,325,325,325,1522,934,754,1522,934,754,1522,934,754
625,635.1236100161921,582.9107993509813,551.0163336961981,325,325,279,1522,934,754,1522,934,754,1499,921,797
626,609.6933655535379,583.534917549927,566.9179834861477,325,325,279,1522,934,754,1522,934,754,1499,921,797
627,263.6380093992518,279.2901716852922,297.1514765233382,325,325,354,1522,934,754,1522,934,754,1592,975,736
628,332.2077663149975,293.027302482209,257.96317566660554,363,354,325,1605,982,730,1592,975,736,1522,934,754
629,318.30959771895033,281.98758837934696,251.91665288344873,363,325,325,1605,982,730,1522,934,754,1522,934,754
630,292.91978424135164,269.46613887462746,270.5198698801994,354,325,325,1592,975,736,1522,934,754,1522,934,754
631,260.702896033013,274.54143585258674,297.6995129320839,325,325,360,1522,934,754,1522,934,754,1603,981,732
632,602.5122405395595,527.7215174692046,487.8083640119345,323,75,73,1522,934,756,1432,900,998,1448,904,1000
633,717.5054006765384,617.9296076415177,513.9192543581141,325,192,71,1522,934,754,1460,904,880,1425,898,1001
634,695.6759303008837,650.1369086584764,604.3922567339856,278,192,192,1500,922,798,1460,904,880,1462,905,880
