,Unnamed: 0,Unnamed: 0.1,Unnamed: 0.1.1,Unnamed: 0.1.1.1,Unnamed: 0.1.1.1.1,Unnamed: 0.1.1.1.1.1,volumes,lengths,surface areas
0,0,0,0,0,0,0,0.05742091497411682,3.132088397814797,1.952626173544376
1,1,1,1,1,1,1,0.049186268219754345,1.6630795200773405,1.8155722641961864
2,2,2,2,2,2,2,0.08462090963583536,1.95243145060306,2.750600152740033
3,3,3,3,3,3,3,0.15546103295399472,2.5822126809691244,3.835495593481492
4,4,4,4,4,4,4,0.07398935083045095,2.9554827893092748,2.396121372919212
5,5,5,5,5,5,5,0.10870083629926502,1.0241589765723826,2.8859747100973263
6,6,6,6,6,6,6,0.16146789283855092,2.1815530579540985,4.996020129524476
7,7,7,7,7,7,7,0.0507842095871023,1.8099036703588969,1.72424087159257
8,8,8,8,8,8,8,0.0730329187711624,1.2886648552933824,2.3615650419175003
9,9,9,9,9,9,9,0.06709020981741214,1.271776947299738,2.0445443528612457
10,10,10,10,10,10,10,0.07760513056678575,3.0170932481488006,2.24812793611698
11,11,11,11,11,11,11,0.06048266394440032,1.6398141320123023,2.1342401134759634
12,12,12,12,12,12,12,0.13465863566446856,3.6203240871329054,3.400325775917806
13,13,13,13,13,13,13,0.11106858883628426,1.2361715020141442,3.502719393378967
14,14,14,14,14,14,14,0.07414098030326499,2.8068038265961155,2.383670694333536
15,15,15,15,15,15,15,0.12433033580471221,3.29993092814531,3.8123920929688424
16,16,16,16,16,16,16,0.09774269093705036,2.5916790344957663,3.472377518653381
17,17,17,17,17,17,17,0.07134749886180633,1.90968480056586,2.325096169842638
18,18,18,18,18,18,18,0.07780924716480465,2.478125238508442,2.6617916386306053
19,19,19,19,19,19,19,0.09256396125017084,3.2305771933463965,2.9291904517744256
20,20,20,20,20,20,20,0.10507339275732915,2.574327570040135,2.6757199700233008
21,21,21,21,21,21,21,0.0700878078568897,2.007170995482631,2.163431829227562
22,22,22,22,22,22,22,0.10071112946252522,4.788556580724218,2.7110118220947537
23,23,23,23,23,23,23,0.08145418641514215,2.3002684784629754,2.346896992708821
24,24,24,24,24,24,24,0.08663874800482221,4.199864732294952,2.473763500854756
25,25,25,25,25,25,25,0.04082915150658053,1.5246254525789051,1.4553119841374116
26,26,26,26,26,26,26,0.06957460041044218,1.8806109356835337,2.0011383479736726
27,27,27,27,27,27,27,0.049711139471802945,1.325658339183858,1.990680278772131
28,28,28,28,28,28,28,0.05309364309611614,2.1914191731838057,1.6836068467292686
29,29,29,29,29,29,29,0.10007545205726637,1.5571294820986532,3.202774750732614
30,30,30,30,30,30,30,0.10229157512147156,1.7733799662318919,2.392102802100419
31,31,31,31,31,31,31,0.11300478056606354,1.0105265846764624,2.586534355182147
32,32,32,32,32,32,32,0.11667887933040373,0.928819671488422,2.8247725802119508
33,33,33,33,33,33,33,0.047296731712379386,2.350391174436881,1.5129574944603814
34,34,34,34,34,34,34,0.06825659037752013,1.4757426066060952,1.8706433450892823
35,35,35,35,35,35,35,0.057735837725345976,1.352143451130622,1.595604090009974
36,36,36,36,36,36,36,0.054370829809434404,1.436273278462976,1.5913710176677216
37,37,37,37,37,37,37,0.05898386492466154,1.1978295371895664,1.9557021574577544
38,38,38,38,38,38,38,0.08039278010544387,2.9066401891967533,2.129869649831013
39,39,39,39,39,39,39,0.22189223775494585,1.2742297811999834,4.7760265470260475
40,40,40,40,40,40,40,0.039126235888822844,1.94906669052149,1.3570057052837965
41,41,41,41,41,41,41,0.08748437391090051,1.2531942530828188,2.6396429537168054
42,42,42,42,42,42,42,0.13133445106816075,1.5139939170927763,3.436996182366931
43,43,43,43,43,43,43,0.05388678187698958,2.382417821047209,1.5589459690295517
44,44,44,44,44,44,44,0.04636945916709352,1.958105407106156,1.475541415900602
45,45,45,45,45,45,45,0.04835813802207766,2.94078283342448,1.5198526400085244
46,46,46,46,46,46,46,0.07263634938072568,1.8082301021376936,1.9716846438477882
47,47,47,47,47,47,47,0.10232073463547427,1.8918622676801733,2.6054537567755602
48,48,48,48,48,48,48,0.08185075580557886,1.389926089883973,2.1327181411251113
49,49,49,49,49,49,49,0.12421369774870142,1.7436863048390538,2.2017033750132486
50,50,50,50,50,50,50,0.0076456245715079375,0.5043653123772724,0.28523268128656143
51,51,51,51,51,51,51,0.037679923994288926,0.6036165750005498,1.0458986450912664
52,52,52,52,52,52,52,0.042421260971127944,1.2365655968837437,1.161050776251868
53,53,53,53,53,53,53,0.07551730936419243,2.6337686642334064,2.0122504949005564
54,54,54,54,54,54,54,0.03517803769285727,1.884671527260696,0.9956839289480669
55,55,55,55,55,55,55,0.02680342527128183,1.5149793352412235,0.8352013572371331
56,56,56,56,56,56,56,0.10671798934708142,2.3766224653984858,2.5379392948608457
57,57,57,57,57,57,57,0.07370941949602504,1.2363736504795098,2.1698000546833986
58,58,58,58,58,58,58,0.06350942149788058,3.214680169795228,1.817755024703319
59,59,59,59,59,59,59,0.004408918517208238,0.3050871988704749,0.18136973081564461
60,60,60,60,60,60,60,0.07390187228844286,1.9631546329821727,2.0165089456498784
61,61,61,61,61,61,61,0.02651766203405537,1.5607875963657858,1.0510482272586374
62,62,62,62,62,62,62,0.11247990931401494,1.594482812624374,2.6573776356752363
63,63,63,63,63,63,63,0.04765830968601286,1.9045209016101323,1.752357338647717
64,64,64,64,64,64,64,0.17541197243464204,1.8631277820986525,3.204824990232181
65,65,65,65,65,65,65,0.029824350921961548,0.8750868268309124,1.2309588017347148
66,66,66,66,66,66,66,0.021683014612407712,0.8160715298385051,0.8729859291771755
67,67,67,67,67,67,67,0.02898455691868379,1.1992737220531844,1.1238068350506558
68,68,68,68,68,68,68,0.05274956083088428,1.5443469954818991,1.8084227802441237
69,69,69,69,69,69,69,0.02534544957114683,1.5226241652393828,1.1724578171296687
70,70,70,70,70,70,70,0.02807478008179955,1.1466887484292627,1.0275029196015582
71,71,71,71,71,71,71,0.03362091964511309,0.9631590244357856,1.1006988654946528
72,72,72,72,72,72,72,0.02667512340966995,1.3869787479017013,0.9487789363827923
73,73,73,73,73,73,73,0.07265967699192784,1.872938145382084,1.7803302195315043
74,74,74,74,74,74,74,0.014597252709751615,1.5408643461702125,0.6222867637861152
75,75,75,75,75,75,75,0.017927269208859953,2.015787681287886,0.7843525112661307
76,76,76,76,76,76,76,0.034116631383158985,0.7027067374868871,1.3497793947964767
77,77,77,77,77,77,77,0.02865797036185355,0.8839553058676657,0.9769139058540427
78,78,78,78,78,78,78,0.02743910267654069,1.2630419310915808,0.8662011337951876
79,79,79,79,79,79,79,0.023724180592596712,1.6241836317290967,0.8416790788085905
80,80,80,80,80,80,80,0.02988850185276749,1.7783937701636894,0.9911507956803963
81,81,81,81,81,81,81,0.03467066214921029,0.9236153792737424,1.287490757212603
82,82,82,82,82,82,82,0.03716671654784141,1.4794088434688533,1.04933219960656
83,83,83,83,83,83,83,0.03088575723165983,1.598074732468208,0.966654236893022
84,84,84,84,84,84,84,0.065684721242482,0.7647788908899472,1.8875184528687532
85,85,85,85,85,85,85,0.038362256621952105,0.7344389336693904,1.0768393230606363
86,86,86,86,86,86,86,0.046410282486697305,1.145729572617947,1.2768157209982665
87,87,87,87,87,87,87,0.03177803836014245,1.2204362336693888,1.1465028054961806
88,88,88,88,88,88,88,0.03867134747038073,1.7933053755664083,1.3288166746424246
89,89,89,89,89,89,89,0.04578626888703952,2.31220105980056,1.313913728593882
90,90,90,90,90,90,90,0.1039886588364287,0.8336290004423089,2.7972560858304703
91,91,91,91,91,91,91,0.03674681954620253,1.6192820738841407,1.2703367693474434
92,92,92,92,92,92,92,0.035574607083293984,2.3380511172163243,1.121140268603297
93,93,93,93,93,93,93,0.0419780363582869,1.0356010538319826,1.2404437906015322
94,94,94,94,94,94,94,0.043476835378025686,1.7738223956280874,1.4342985131968917
95,95,95,95,95,95,95,0.02224287728125955,1.9342162809691283,0.803143198278135
96,96,96,96,96,96,96,0.029299479669912948,1.1655123113712984,0.9845824715536469
97,97,97,97,97,97,97,0.03821645905193861,0.9013127401301876,1.647499510095666
98,98,98,98,98,98,98,0.03491560206683297,1.1272741220531843,1.3733197279299034
99,99,99,99,99,99,99,0.03320102264347421,0.7485948094945636,1.2688235548314446
100,100,100,100,100,100,100,0.019845965230237614,1.1575397622548191,0.713418374862463
101,101,101,101,101,101,101,0.008392108129977057,1.264702378144217,0.3972986814618764
102,102,102,102,102,102,102,0.011453857100260556,0.7440107339881478,0.5107466536035873
103,103,103,103,103,103,103,0.005802743286537298,0.7760854552802654,0.2872409281726498
104,104,104,104,104,104,104,0.017285759900800553,1.2844370422157771,0.691817415836801
105,105,105,105,105,105,105,0.0527087375112805,1.6361424554038158,1.6749715085320633
106,106,106,106,106,106,106,0.038344760913550484,0.6778064896368712,1.2392046320952437
107,107,107,107,107,107,107,0.016026068895883913,1.4266402822938598,0.6575164197070732
108,108,108,108,108,108,108,0.03328850118548231,0.8446867981827102,1.3121716176788039
109,109,109,109,109,109,109,0.03399999332714819,1.1070359394775622,1.0864982387075934
110,110,110,110,110,110,110,0.04292863651477492,1.290828901044271,1.3202403689114461
111,111,111,111,111,111,111,0.0555663698835451,1.5380520981714558,1.5224287305226634
112,112,112,112,112,112,112,0.03156808985932301,1.6949652140726574,1.1250504384620403
113,113,113,113,113,113,113,0.076473741423481,1.3791912473223753,2.1403950407416152
114,114,114,114,114,114,114,0.05240547856565242,1.351626704715502,1.6406649747086992
115,115,115,115,115,115,115,0.003038421359081339,0.5460861510070719,0.15549490595305143
116,116,116,116,116,116,116,0.03596534457093017,1.6185718636314483,1.3540681454202415
117,117,117,117,117,117,117,0.039761913294081706,1.3792596008846183,1.4503153726909854
118,118,118,118,118,118,118,0.047955736728840404,3.1576664922168702,1.513736532780773
119,119,119,119,119,119,119,0.04046174163014651,1.899066386248296,1.4149604316827828
120,120,120,120,120,120,120,0.07261885367232405,1.2179925169336705,2.1387337808796905
121,121,121,121,121,121,121,0.03254784952981373,2.656845025001643,1.1587736764180314
122,122,122,122,122,122,122,0.02531629005714413,2.6353012798396014,1.031003684003536
123,123,123,123,123,123,123,0.03336431592188933,2.1623584294700464,1.0514345038989912
124,124,124,124,124,124,124,0.026016118393208932,2.012344399621287,1.0252355428895557
125,125,125,125,125,125,125,0.02971937667155183,2.4222552615676016,1.0874809985961034
126,126,126,126,126,126,126,0.019431900131399272,1.872182836002292,0.7913237458397796
127,127,127,127,127,127,127,0.02521714770953495,1.2593625730602571,0.8691655054664895
128,128,128,128,128,128,128,0.02756157263535203,1.0426144271371454,1.093739745571232
129,129,129,129,129,129,129,0.03406414425795413,1.3424230167740174,1.3084874940741062
130,130,130,130,130,130,130,0.07102091230497609,1.2782604530212154,2.5276989436739816
131,131,131,131,131,131,131,0.010246653220548777,1.5130959371318171,0.5090856974750082
132,132,132,132,132,132,132,0.1186267348657841,1.6208255387279624,3.2260694444141462
133,133,133,133,133,133,133,0.07983291743659203,0.7142939705536512,2.445881815315784
134,134,134,134,134,134,134,0.05210221962002434,0.7946021016953851,1.7728537833960045
135,135,135,135,135,135,135,0.054370829809434404,2.2667354851318864,1.774488660282494
136,136,136,136,136,136,136,0.03237289244579753,2.8240221748791905,1.1974378717092802
137,137,137,137,137,137,137,0.022656942380097893,2.018026070606,1.0401744258416625
138,138,138,138,138,138,138,0.02560788519717113,2.736226110684079,1.050423006788603
139,139,139,139,139,139,139,0.03252452191861157,1.0044243125008232,1.2234675943506497
140,140,140,140,140,140,140,0.06569638504808308,1.1468908968946294,1.988190985017016
141,141,141,141,141,141,141,0.041394846078232905,2.402901831041881,1.5093825468440767
142,142,142,142,142,142,142,0.020143392273065153,1.942066438384893,0.8692567549663078
143,143,143,143,143,143,143,0.02301852035373137,2.6392132373789163,1.0320636479178806
144,144,144,144,144,144,144,0.02607443742121433,1.3975111850178568,1.134154891444503
145,145,145,145,145,145,145,0.057741669628146516,1.3244245864342965,2.4122141759668567
146,146,146,146,146,146,146,0.03151560273411815,1.3517807921470535,1.2315552414979658
147,147,147,147,147,147,147,0.018452140460908553,1.6162069004554265,0.8126614315453236
148,148,148,148,148,148,148,0.005126242561674658,1.220865541897019,0.3197777151964853
149,149,149,149,149,149,149,0.010625726902583876,1.7861696105605307,0.5319700869538813
150,150,150,150,150,150,150,0.01990428425824301,1.4934355900791796,0.7611817376868063
151,151,151,151,151,151,151,0.015256257726212634,0.6470852988704752,0.6132634694110877
152,152,152,152,152,152,152,0.008158832017955458,1.3462737784629757,0.4262166381775044
153,153,153,153,153,153,153,0.005563635271715158,0.8608194672152282,0.2856806361898636
154,154,154,154,154,154,154,0.007674784085510637,1.180437037942583,0.36955630158400776
155,155,155,155,155,155,155,0.006875813401836657,1.143083707416862,0.34523734688305596
156,156,156,156,156,156,156,0.007079929999855557,0.9604519633843436,0.3614042218823114
157,157,157,157,157,157,157,0.006473412108599397,0.8783638166504656,0.3312845983472341
158,158,158,158,158,158,158,0.008281301976766797,1.011880115202182,0.3624286786809041
159,159,159,159,159,159,159,0.0034524864579196786,0.4543518869355129,0.19373182377888107
160,160,160,160,160,160,160,0.02590531223999867,1.0438936406439423,1.0032461046022914
161,161,161,161,161,161,161,0.02468644455468581,1.4205992059685788,0.9761865513951625
162,162,162,162,162,162,162,0.12745623570580167,2.6072987493743085,3.230271335047836
163,163,163,163,163,163,163,0.0498511051390159,1.626842358253945,1.668584342374873
164,164,164,164,164,164,164,0.04332520590521165,1.8313047449397728,1.643198195342473
165,165,165,165,165,165,165,0.0717790596690463,1.905755660560164,2.167734435106939
166,166,166,166,166,166,166,0.019851797133038154,1.3441709020141428,0.7098244297730081
167,167,167,167,167,167,167,0.10978557022016545,1.5795685117793012,2.918469092919622
168,168,168,168,168,168,168,0.05080753719830446,2.15597019075756,1.708662162533142
169,169,169,169,169,169,169,0.0450689448425731,2.0108270019123102,1.8142472049242357
170,170,170,170,170,170,170,0.12974234160361334,0.7139735111373141,3.2758718213521627
171,171,171,171,171,171,171,0.10927819467651848,1.7989652183458518,3.2974597377262294
172,172,172,172,172,172,172,0.12274989014576587,2.6430943249898418,3.393728470542115
173,173,173,173,173,173,173,0.05531559806312188,3.4068968353150706,1.8056686005846632
174,174,174,174,174,174,174,0.04721508507317182,2.407164129911623,2.002166925447619
175,175,175,175,175,175,175,0.08147751402634432,1.958787124878096,2.206147941741996
176,176,176,176,176,176,176,0.018965347907356073,0.8867919163317074,0.7154126672679096
177,177,177,177,177,177,177,0.09326962148903618,3.464944005723668,2.4433452095272794
178,178,178,178,178,178,178,0.035592102791695605,2.9657829855610762,1.370231085280515
179,179,179,179,179,179,179,0.1162939737455681,1.3625778507174102,2.9832301464235327
180,180,180,180,180,180,180,0.05181062447999734,3.4215758412097985,1.889545737395371
181,181,181,181,181,181,181,0.02942194962872429,3.1782510615675967,1.234090113389673
182,182,182,182,182,182,182,0.10583154012139934,1.8711134523836968,2.9742457806504534
183,183,183,183,183,183,183,0.10983222544256978,1.9445228232799727,3.2351919284741135
184,184,184,184,184,184,184,0.12985897965962415,3.1981212385084397,3.3688846944995063
185,185,185,185,185,185,185,0.07858489023727647,2.538709003585975,2.5258950430805642
186,186,186,186,186,186,186,0.10059449140651443,1.9667115993127824,3.1690277308631365
187,187,187,187,187,187,187,0.034122463285959526,1.9022289978644995,1.0529784834800946
188,188,188,188,188,188,188,0.05810324760178,4.457115699191425,2.0343331023240836
189,189,189,189,189,189,189,0.08471422008064401,2.178759078267768,2.4207886811100847
190,190,190,190,190,190,190,0.10001713302926096,3.911866332294951,2.7237201967391025
191,191,191,191,191,191,191,0.007441507973489038,1.3499662576628657,0.40398747600759594
192,192,192,192,192,192,192,0.09603977531929268,1.60677479516314,2.4378398068047025
193,193,193,193,193,193,193,0.19939275675046253,1.2309898853386343,5.589715350613959
194,194,194,194,194,194,194,0.050521773961078,3.2836177175350802,1.771414990082113
195,195,195,195,195,195,195,0.04050256494975028,2.8946944866906024,1.3947104405755604
196,196,196,196,196,196,196,0.06217391575655692,1.7340664298385042,2.0205761685059898
197,197,197,197,197,197,197,0.009191078813651037,1.1281721020141429,0.4488848663169952
198,198,198,198,198,198,198,0.011483016614263255,1.6755505876965786,0.5446623560411217
199,199,199,199,199,199,199,0.03433824368957951,1.0833629687870625,1.2022511496150068
200,200,200,200,200,200,200,0.028867918862672988,2.127405243468852,0.9717627686374486
201,201,201,201,201,201,201,0.04647443341750324,2.5607271873980038,1.4577401899301934
202,202,202,202,202,202,202,0.010707373541791436,1.5579662662092542,0.505838083126174
203,203,203,203,203,203,203,0.02119896667996289,1.2728130647818123,0.7649296509814693
204,204,204,204,204,204,204,0.018457972363709094,1.091716751449381,0.7532303730549477
205,205,205,205,205,205,205,0.12184011330888164,3.717928023872115,2.800324847111762
206,206,206,206,206,206,206,0.0423862695543247,2.3657714515729302,1.406842358852722
207,207,207,207,207,207,207,0.004688849851634158,0.3297061174612331,0.21868264647621516
208,208,208,208,208,208,208,0.07487580005613304,2.9633560101189507,1.9898075577423624
209,209,209,209,209,209,209,0.09118180028644286,1.6706746023945045,2.5088221890481215
210,210,210,210,210,210,210,0.03972108997447792,3.7433094095545503,1.6017014278032367
211,211,211,211,211,211,211,0.015559516671840714,1.5825371101182208,0.6414476397253478
212,212,212,212,212,212,212,0.02862881084785085,3.1839721001973977,1.218210921179474
213,213,213,213,213,213,213,0.06357940433148705,2.128290102261245,1.901793028863691
214,214,214,214,214,214,214,0.02834304761062439,1.885698799654179,1.1787795061998185
215,215,215,215,215,215,215,0.04435745270090723,1.7704474633843428,1.9490299917865932
216,216,216,216,216,216,216,0.08649878233760924,1.6128770673387791,2.870687509741914
217,217,217,217,217,217,217,0.02460479791547825,1.2445996016953849,0.9391873157679853
218,218,218,218,218,218,218,0.018568778516919352,1.9780662383848924,0.7562447801518982
219,219,219,219,219,219,219,0.0070507704858528576,0.6843643123772721,0.35217473402548355
220,220,220,220,220,220,220,0.08144835451234161,3.0211493372553635,1.9100041695340173
221,221,221,221,221,221,221,0.034542360287598405,2.2586700315338883,1.1370235384182525
222,222,222,222,222,222,222,0.008252142462764097,1.0250700777019075,0.36651510989308833
223,223,223,223,223,223,223,0.014212347124915975,1.4684354379425826,0.5609558770317301
224,224,224,224,224,224,224,0.037318346020655445,1.9710791074168608,1.1907724226201017
225,225,225,225,225,225,225,0.04509227245377526,0.8380062562379602,1.469453799533564
226,226,226,226,226,226,226,0.059462080954305815,1.0164415203713215,1.6186428437898606
227,227,227,227,227,227,227,0.02798146963699091,0.9886016059685788,0.8701926715163801
228,228,228,228,228,228,228,0.02634270495003917,1.4859666662092543,0.8463412797961462
229,229,229,229,229,229,229,0.04862057364810196,1.1957910727414989,1.3681049865497656
230,230,230,230,230,230,230,0.07821164845804192,0.4684267082276296,1.6455968528714233
231,231,231,231,231,231,231,0.039738585682879544,1.0166288568520998,1.2486474992084604
232,232,232,232,232,232,232,0.02283773136691463,1.6725715636314469,0.8339121007966319
233,233,233,233,233,233,233,0.05374681620977662,0.9631781060866272,1.5574339024741115
234,234,234,234,234,234,234,0.03545213712448265,1.608816475761616,1.0264583334491373
235,235,235,235,235,235,235,0.048492271786490085,0.847703821734427,1.2016896783131383
236,236,236,236,236,236,236,0.040263456934928145,0.6865415058450294,1.1807957607845867
237,237,237,237,237,237,237,0.021303940930372613,1.4780553129431322,0.8145045809693424
238,238,238,238,238,238,238,0.03376088531232605,1.794080963826653,1.054725184628342
239,239,239,239,239,239,239,0.030162601284392868,0.9438667897604224,0.9391078662936173
240,240,240,240,240,240,240,0.019892620452641934,1.6594078434688533,0.7167685817343253
241,241,241,241,241,241,241,0.03952280527925957,0.8687308204813502,1.0519561969220115
242,242,242,242,242,242,242,0.013559174011255495,0.6668068417734686,0.532202751957941
243,243,243,243,243,243,243,0.06948712186843407,0.9179720430416152,1.6129160024338893
244,244,244,244,244,244,244,0.02447649605386637,1.349293719498014,0.7897760745989006
245,245,245,245,245,245,245,0.035148878178854565,1.463599258105175,0.9468045212653624
246,246,246,246,246,246,246,0.04059004349175838,0.8590715819751028,1.0903655721429657
247,247,247,247,247,247,247,0.047180093656368584,0.8788805630655855,1.1282841019727463
248,248,248,248,248,248,248,0.05494818818668786,0.6707931163317082,1.589890741424134
249,249,249,249,249,249,249,0.017192449455991913,1.7756867091122477,0.7379233308072729
250,250,250,250,250,250,250,0.030734127758845788,,1.0026229873363828
251,251,251,251,251,251,251,0.03021508840959773,1.3117630218579772,1.0144477327306636
252,252,252,252,252,252,252,0.030465860230020948,0.9987644697213798,1.0571862234291893
253,253,253,253,253,253,253,0.012538591021160995,1.3025112592347003,0.5147928496895203
254,254,254,254,254,254,254,0.2657248192038045,1.9299230898839723,7.157789946895744
255,255,255,255,255,255,255,0.1521776716772907,1.0513011088187083,3.5099991412453706
256,256,256,256,256,256,256,0.2170867498473009,2.1200772722139365,4.62311083873497
257,257,257,257,257,257,257,0.11543085213108818,0.9793332023627472,3.5103272672025594
258,258,258,258,258,258,258,0.17353993163566872,1.4697146514493808,4.0861375991274285
259,259,259,259,259,259,259,0.08118591888631731,3.594018479152381,2.3923445749013212
260,260,260,260,260,260,260,0.05661028048484176,3.5337066770885386,2.044211549352801
261,261,261,261,261,261,261,0.14446206427217628,1.5158029981832588,4.434621194448715
262,262,262,262,262,262,262,0.0557413269675613,2.799723293983916,2.3430240941425113
263,263,263,263,263,263,263,0.10169672103581648,1.9153184010081687,3.205712080470054
264,264,264,264,264,264,264,0.05401508373860146,1.3929663097994631,2.163218866925784
265,265,265,265,265,265,265,0.08620718719758225,3.224360288186017,2.550525798393596
266,266,266,266,266,266,266,0.10545246643936425,3.4869170591133405,3.1620516856297898
267,267,267,267,267,267,267,0.1458792166527075,3.1881338397110843,4.141565733699842
268,268,268,268,268,268,268,0.31170937278606237,1.6909979714392431,6.900960701736495
269,269,269,269,269,269,269,0.06315367542704764,3.580017974879187,2.006400953472541
270,270,270,270,270,270,270,0.0759197106574297,1.855623908854892,2.5346549769694455
271,271,271,271,271,271,271,0.16163118611696603,2.126677729890399,4.789002363948007
272,272,272,272,272,272,272,0.0849474961926656,1.7559039703588968,2.780914914601402
273,273,273,273,273,273,273,0.18238109628128735,2.3963389645186965,3.805605303533555
274,274,274,274,274,274,274,0.38096321854247484,2.4676423370601586,9.159704549015375
275,275,275,275,275,275,275,0.1804040812319043,2.35795624767039,4.0222063725610075
276,276,276,276,276,276,276,0.19268606852984152,3.851330641899209,4.2182460999336655
277,277,277,277,277,277,277,0.08839415074778474,2.0367579866550534,2.251826472075407
278,278,278,278,278,278,278,0.24137662501154997,3.68144643097022,5.905096969053347
279,279,279,279,279,279,279,0.1878572530109944,3.8108540632629806,4.338235860597791
280,280,280,280,280,280,280,0.16675159677584017,2.9804838238004625,4.406413124382922
281,281,281,281,281,281,281,0.11427030347378071,0.9363497912087052,3.451076362895064
282,282,282,282,282,282,282,0.2071900107947845,1.273402180994346,4.534323477435533
283,283,283,283,283,283,283,0.29961983828054295,1.8421098655095067,6.278452927672122
284,284,284,284,284,284,284,0.15278418956854686,1.6673323179035426,4.236095234573269
285,285,285,285,285,285,285,0.10344045997317794,3.223004962401001,2.955425076750971
286,286,286,286,286,286,286,0.07555230078099567,1.2779535364942998,2.44670935190934
287,287,287,287,287,287,287,0.06653617905136083,2.5351651584239314,2.6344830613842682
288,288,288,288,288,288,288,0.08348368858973007,2.0197258811643355,2.609726657156053
289,289,289,289,289,289,289,0.06122914750286944,3.8332345925356255,1.8984503155402659
290,290,290,290,290,290,290,0.07205315910067167,1.316524884676461,2.3257152100311718
291,291,291,291,291,291,291,0.14492278459341895,3.0723016113831974,3.3852779239956563
292,292,292,292,292,292,292,0.15290082762455767,1.1290832031436686,3.9641982310326425
293,293,293,293,293,293,293,0.09455847200795553,2.9815794497561874,2.6633275571384334
294,294,294,294,294,294,294,0.1681395896423687,5.262515392762982,4.181643657741857
295,295,295,295,295,295,295,0.13183016280620666,1.46719117794901,3.6024584991521142
296,296,296,296,296,296,296,0.14720889049123062,1.5995504387421615,2.812494781012926
297,297,297,297,297,297,297,0.19945690768126847,2.2652016119371576,4.343999335804358
298,298,298,298,298,298,298,0.0744034159292893,1.3433209967349766,2.2746941921271433
299,299,299,299,299,299,299,0.12955572071399604,1.9203250472280813,3.118448588682851
300,300,300,300,300,300,300,0.1145444029054061,3.5638621094828946,3.1132755445881535
301,301,301,301,301,301,301,0.13476360991487826,2.246044890131074,3.651451662761904
302,302,302,302,302,302,302,0.08429432307900513,2.8307023893203063,2.6614467415645926
303,303,303,303,303,303,303,0.05386928616858796,1.935434298625568,1.9570310669357938
304,304,304,304,304,304,304,0.1645121461004328,1.7265100677810892,4.146287960484969
305,305,305,305,305,305,305,0.23184729583546762,1.9367878291512897,5.389388199535468
306,306,306,306,306,306,306,0.17155708468348513,5.06219507524985,3.8954479697901605
307,307,307,307,307,307,307,0.1563008269572725,3.434030189822467,4.0320809407044464
308,308,308,308,308,308,308,0.24764592052213047,2.2945820350679704,6.068506222167561
309,309,309,309,309,309,309,0.19248778383462317,1.4703986193649432,4.619347673281442
310,310,310,310,310,310,310,0.12121609970922385,3.0145915145149624,3.2477539151515877
311,311,311,311,311,311,311,0.07957631371336828,5.0684994958908485,2.6453223403184625
312,312,312,312,312,312,312,0.09490838617598793,3.9591461945033313,2.739558506842449
313,313,313,313,313,313,313,0.15874439423069875,2.776137868223396,3.9844613865497727
314,314,314,314,314,314,314,0.11962399024467643,2.088255953021215,3.063161093215679
315,315,315,315,315,315,315,0.07520821851576381,3.7190586033410646,2.376952057249402
316,316,316,316,316,316,316,0.12490186227916514,2.1631516413694563,3.2917447090850263
317,317,317,317,317,317,317,0.07510907616815464,1.2359924169336711,2.3617050616602544
318,318,318,318,318,318,318,0.12004388724631532,1.3955378579816244,3.4240681055436406
319,319,319,319,319,319,319,0.10675298076388466,1.7974719927936584,3.2087415891295095
320,320,320,320,320,320,320,0.13308402190832275,1.2107901163317083,3.910431384315266
321,321,321,321,321,321,321,0.07912142529492615,2.878626059481799,2.271579320389229
322,322,322,322,322,322,322,0.15055057079594006,1.3583200403251838,3.580386512934373
323,323,323,323,323,323,323,0.06436671120955996,2.904462995729,2.042738741696136
324,324,324,324,324,324,324,0.07354029431480938,1.841215924559337,2.5707324284923074
325,325,325,325,325,325,325,0.040420918310542724,0.9569955564097901,1.421568789523465
326,326,326,326,326,326,326,0.08808505989935612,4.622224926133365,2.6660402053675405
327,327,327,327,327,327,327,0.0514840379231671,4.797598513459291,1.9198548735764416
328,328,328,328,328,328,328,0.06038935349959168,2.2832054183350703,1.8884311555174915
329,329,329,329,329,329,329,0.08922811284826197,2.5022405318526464,3.143692014893496
330,330,330,330,330,330,330,0.03444321793998923,2.7599601704824464,1.2341980471464469
331,331,331,331,331,331,331,0.1583303291318604,1.5570814074168613,4.5632445077164085
332,332,332,332,332,332,332,0.12588162194965585,1.9441388637911,3.4318191805066864
333,333,333,333,333,333,333,0.019303598269787392,0.5231992952168792,0.7983055201615017
334,334,334,334,334,334,334,0.16198110028499843,1.9811545329821727,3.5362173985374925
335,335,335,335,335,335,335,0.03719587606184411,1.472347395481899,1.6074251740133356
336,336,336,336,336,336,336,0.06749844301344994,1.4566121271371453,2.171272194881512
337,337,337,337,337,337,337,0.04708678321155994,1.7747887291512896,1.6312643844027193
338,338,338,338,338,338,338,0.08952553989108951,3.1102858108076297,2.6503256127301573
339,339,339,339,339,339,339,0.2691714737589236,1.5833736343840192,4.892752799876948
340,340,340,340,340,340,340,0.09007957065714081,2.0718860490312263,2.7504028724835425
341,341,341,341,341,341,341,0.15070803217155462,2.4983023319761988,3.347042645946738
342,342,342,342,342,342,342,0.08412519789778947,2.135255400884617,2.4895637252883964
343,343,343,343,343,343,343,0.19226617152820266,3.0965922230613505,3.402046104198369
344,344,344,344,344,344,344,0.0557413269675613,1.284511359234701,1.7193228033531136
345,345,345,345,345,345,345,0.11302227627446516,2.8306674358070807,3.084603455078199
346,346,346,346,346,346,346,0.19267440472424044,1.1376886699392244,4.2928647343344855
347,347,347,347,347,347,347,0.3669783156267799,1.6111926015443307,5.838887320960866
348,348,348,348,348,348,348,0.07774509623399871,4.807835694231018,2.5284808565632337
349,349,349,349,349,349,349,0.19105896764849087,1.7485836805268182,4.3345251576626636
350,350,350,350,350,350,350,0.05334441491653936,3.352945209996863,2.0659789140406204
351,351,351,351,351,351,351,0.05770084630854274,3.01591880270355,1.9646472733773594
352,352,352,352,352,352,352,0.017851454472452934,1.3368506121820638,0.8001608869226511
353,353,353,353,353,353,353,0.02589948033719813,1.8915974623783705,1.262097954746464
354,354,354,354,354,354,354,0.08394440891097273,3.147490507295502,2.1301349120783826
355,355,355,355,355,355,355,0.04454990549332504,3.5132226670938667,1.798072834042443
356,356,356,356,356,356,356,0.06865315976795686,2.8164439804771173,2.133914610183302
357,357,357,357,357,357,357,0.12575332008804396,2.284266686850257,2.948786216781299
358,358,358,358,358,358,358,0.03263532807182183,0.8229670139135529,1.2223473610697095
359,359,359,359,359,359,359,0.11129020114270478,1.971345326508532,3.1671586100394107
360,360,360,360,360,360,360,0.04838729753608036,1.2498038939100642,1.768170304892517
361,361,361,361,361,361,361,0.09906653287277295,1.8120939849952191,2.916830629414175
362,362,362,362,362,362,362,0.021793820765617974,1.4859185915274633,0.7728347954859822
363,363,363,363,363,363,363,0.08011284877101796,2.521199607663962,2.0179174005779843
364,364,364,364,364,364,364,0.06168403592131156,1.7980672383848917,1.7057734831407478
365,365,365,365,365,365,365,0.10622810951183606,1.5420542254872298,3.5953730651675393
366,366,366,366,366,366,366,0.03502640822004323,1.9289027182223004,1.4005393884320179
367,367,367,367,367,367,367,0.008753686103610537,1.2753207924617809,0.41021813322261524
368,368,368,368,368,368,368,0.017332415123204874,1.5821427554038157,0.7393481163680448
369,369,369,369,369,369,369,0.017256600386797855,1.562701886690606,0.7958379971414145
370,370,370,370,370,370,370,0.02646517490885051,3.1892244670938683,1.1198923480973932
371,371,371,371,371,371,371,0.04030428025453193,2.9420489257627107,1.3946031822562315
372,372,372,372,372,372,372,0.009016121729634837,0.30026414020163394,0.3759538346794747
373,373,373,373,373,373,373,0.02736911984293421,2.2137865812878847,1.1102878942433345
374,374,374,374,374,374,374,0.10204080330104834,1.3401715062873372,2.961787019646043
375,375,375,375,375,375,375,0.06142160029528726,1.2805250846764618,2.226217163068076
376,376,376,376,376,376,376,0.031521434636918685,2.5092276628206767,1.1368934159652935
377,377,377,377,377,377,377,0.004910462158054678,0.3379987042731939,0.24058765905970994
378,378,378,378,378,378,378,0.03106654621847657,1.3038878635041922,1.0625652316775498
379,379,379,379,379,379,379,0.026535157742456992,1.053084207416862,0.974637103461441
380,380,380,380,380,380,380,0.009745109579702337,1.4004570660140472,0.528873941600302
381,381,381,381,381,381,381,0.006613377775812357,1.0539209915274634,0.34256581508758677
382,382,382,382,382,382,382,0.012072038797117796,1.8138899449171362,0.5774381567537406
383,383,383,383,383,383,383,0.02983601472756263,1.2357902684683049,1.0221359670262662
384,384,384,384,384,384,384,0.022476153393281153,2.0440247620596104,0.8530695116822764
385,385,385,385,385,385,385,0.013885760568085735,0.4069362561524337,0.6284781066020453
386,386,386,386,386,386,386,0.019274438755784693,2.507050469352922,0.8945516528049051
387,387,387,387,387,387,387,0.04846311227248738,0.95569010056586,1.8876771680564048
388,388,388,388,388,388,388,0.05887305877145128,1.6778632940336162,1.842837544443738
389,389,389,389,389,389,389,0.039062084958016906,3.5900934004445,1.4780528815219633
390,390,390,390,390,390,390,0.0657430402704874,2.4327993588662418,2.090139363685934
391,391,391,391,391,391,391,0.06192897583893424,1.7046244525789052,2.1110358666868767
392,392,392,392,392,392,392,0.06866482357355794,1.966611039956728,1.9236892817838274
393,393,393,393,393,393,393,0.05063258011428826,1.5729491426575375,1.75374369352723
394,394,394,394,394,394,394,0.010083359942133656,1.5092320542742916,0.5505450460370028
395,395,395,395,395,395,395,0.018807886531741494,2.3397596389507522,0.8573281339111971
396,396,396,396,396,396,396,0.1242253615543025,1.9004199167740157,3.2020211627480535
397,397,397,397,397,397,397,0.11337219044249756,1.81016701467462,2.8314141212324095
398,398,398,398,398,398,398,0.12377630503866091,2.149194449462651,3.093094843763222
399,399,399,399,399,399,399,0.06834406891952824,3.4394139860033848,2.140581503310288
400,400,400,400,400,400,400,0.10435023681006218,1.6865371143914152,3.2177470218962037
401,401,401,401,401,401,401,0.09810426891068384,1.3424492632505378,3.2571383945909567
402,402,402,402,402,402,402,0.16914267692406157,1.7238773237485705,3.6986615422492144
403,403,403,403,403,403,403,0.15102295492278378,2.7526190780589617,3.1651193129484523
404,404,404,404,404,404,404,0.08812005131615937,2.2339024789052844,2.6588671864023454
405,405,405,405,405,405,405,0.04911628538614786,2.5847579868141537,1.8379702642128146
406,406,406,406,406,406,406,0.053437725361348,1.5390683862482952,1.8065278689401436
407,407,407,407,407,407,407,0.06945213045163083,2.0775808453238938,2.3636741361626084
408,408,408,408,408,408,408,0.016002741284681755,2.7866819655220354,0.8365354117532791
409,409,409,409,409,409,409,0.04881885834332032,1.1997904684683045,1.8564709715923138
410,410,410,410,410,410,410,0.10202330759264672,1.6070205158396988,3.038885229815839
411,411,411,411,411,411,411,0.03353344110310499,1.1209548622774554,1.118324850636956
412,412,412,412,412,412,412,0.08814337892736153,2.9323273381784936,2.6648121080248073
413,413,413,413,413,413,413,0.0922082151793379,1.7342423359667385,2.951829533744941
414,414,414,414,414,414,414,0.0748699681533325,3.2150614033410663,2.39289032702516
415,415,415,415,415,415,415,0.05401508373860146,1.9925703679046407,1.8134041065863036
416,416,416,416,416,416,416,0.09974886550043613,2.203181288138888,2.6134348987351395
417,417,417,417,417,417,417,0.05899552873026262,2.8345662721778315,2.1145977962171045
418,418,418,418,418,418,418,0.06745178779104562,2.1466100399567267,2.4914295301165805
419,419,419,419,419,419,419,0.17510288158621343,1.7076647833762748,3.913808734614772
420,420,420,420,420,420,420,0.09049946765877968,5.432146109114449,2.72397577930045
421,421,421,421,421,421,421,0.12561918632363156,1.7829765479017017,3.5025707287874526
422,422,422,422,422,422,422,0.05217803435643136,1.8129788437876118,1.7446053177574887
423,423,423,423,423,423,423,0.09909569238677564,1.5298778194753757,3.105186722084741
424,424,424,424,424,424,424,0.05144904650636386,3.8631058780228553,2.0104915021523166
425,425,425,425,425,425,425,0.037388328854261924,1.6558771194753763,1.375299012936333
426,426,426,426,426,426,426,0.05984115463634092,1.9086381865670536,2.2649688113603177
427,427,427,427,427,427,427,0.06893892300518331,2.294740775075818,2.6629656645810544
428,428,428,428,428,428,428,0.0757447535734135,2.082066242658087,2.715021063655039
429,429,429,429,429,429,429,0.07259552606112189,1.834562284453923,2.944722443965463
430,430,430,430,430,430,430,0.10338797284797309,1.8586588322839268,3.149768220176759
431,431,431,431,431,431,431,0.045197246704184985,2.6375527903262808,1.9554231415533205
432,432,432,432,432,432,432,0.1073420029467392,2.661199411937156,3.4603052692599037
433,433,433,433,433,433,433,0.154772868423531,3.0593000883859887,3.969692449369607
434,434,434,434,434,434,434,0.14906343558180235,1.8042307064108885,4.2955539473028415
435,435,435,435,435,435,435,0.07724938449595281,2.5420779723730402,2.5462907776064783
436,436,436,436,436,436,436,0.13230254693305038,1.3840826595534597,3.7412410087362105
437,437,437,437,437,437,437,0.1559975680116444,2.168140663950205,4.12283002532215
438,438,438,438,438,438,438,0.10391867600282222,1.748942422832289,3.3048510720016893
439,439,439,439,439,439,439,0.06258798085539526,2.8328574905985984,2.432730167775051
440,440,440,440,440,440,440,0.09254063363896868,1.9069031626506905,2.9889324619694957
441,441,441,441,441,441,441,0.06057597438920896,2.059760030404365,1.9198945875789617
442,442,442,442,442,442,442,0.14426961147975847,4.345029465277127,3.1303310262437463
443,443,443,443,443,443,443,0.07171490873824035,3.8174872634112056,2.282717327075561
444,444,444,444,444,444,444,0.09310049630782052,2.5537230234326334,3.2923877783958977
445,445,445,445,445,445,445,0.05156568456237466,3.776059159750856,1.917764399131922
446,446,446,446,446,446,446,0.0553914127995289,2.376289306534438,1.6903067698810603
447,447,447,447,447,447,447,0.06755093013865479,2.049012066674201,1.8378683714575816
448,448,448,448,448,448,448,0.07109672704138312,2.4261672191069183,2.1367312314902476
449,449,449,449,449,449,449,0.12455194811113274,2.096009332797405,3.4619973878294132
450,450,450,450,450,450,450,0.05939209812069934,4.315513170998603,2.0139104232760108
451,451,451,451,451,451,451,0.04991525606982184,3.0745929273345443,1.790348944894565
452,452,452,452,452,452,452,0.09962639554162478,4.039412398822963,2.5204905757017437
453,453,453,453,453,453,453,0.07588471924062645,3.9143853958028467,2.138043049641603
454,454,454,454,454,454,454,0.045098104356575804,2.9331173075774086,1.636450129775133
455,455,455,455,455,455,455,0.11428779918218233,2.3118733406822405,2.951831014032344
456,456,456,456,456,456,456,0.08721027447927512,3.6807893197343775,2.7784663492325494
457,457,457,457,457,457,457,0.1302205576332576,2.680181212456129,3.6685931820370756
458,458,458,458,458,458,458,0.07563977932300377,1.3284093913322568,2.317985247652383
459,459,459,459,459,459,459,0.10527167745254751,2.926165780283809,3.3665593522580224
460,460,460,460,460,460,460,0.05262709087207294,3.2502112980619002,1.9011378560742598
461,461,461,461,461,461,461,0.0603485301799879,3.035211037378915,2.1965086490124186
462,462,462,462,462,462,462,0.05885556306304966,2.963211437378915,2.2728994030542626
463,463,463,463,463,463,463,0.11669054313600481,2.39647952117076,3.477319605980955
464,464,464,464,464,464,464,0.05344355726414854,1.7964548660140471,1.859283107637339
465,465,465,465,465,465,465,0.0915375463572758,2.1297977331188425,2.5194574258917957
466,466,466,466,466,466,466,0.13745794900872776,1.7326051822448414,3.4821023769764192
467,467,467,467,467,467,467,0.10172004864701864,1.4718482727059443,2.670790266233726
468,468,468,468,468,468,468,0.07477665770852385,1.1834378943523751,1.9760992017689174
469,469,469,469,469,469,469,0.07698111696712798,1.9095842412098032,2.2671882636483893
470,470,470,470,470,470,470,0.15942672685836193,1.146267269023134,3.8461354689268226
471,471,471,471,471,471,471,0.11849843300417222,2.8953826367633533,2.7273012189664256
472,472,472,472,472,472,472,0.11499345942104768,2.430792631780992,2.891981621705117
473,473,473,473,473,473,473,0.10354543422358767,3.811786996737167,2.837665090883126
474,474,474,474,474,474,474,0.04507477674537364,1.5324362464889718,1.4641531854560719
475,475,475,475,475,475,475,0.02914785019709891,1.976318353144766,1.1138828562448821
476,476,476,476,476,476,476,0.22328023062147437,1.744067538384893,4.659659532706466
477,477,477,477,477,477,477,0.20650184626432078,1.2982715825770643,4.865396540083952
478,478,478,478,478,478,478,0.05676774186045634,3.6483250956792963,2.114956546732204
479,479,479,479,479,479,479,0.04862057364810196,2.694799067412629,2.08950529704676
480,480,480,480,480,480,480,0.12343805467622959,1.7024078956054505,2.741933614411187
481,481,481,481,481,481,481,0.02336843452176377,2.411711164268961,1.0243842919888968
482,482,482,482,482,482,482,0.051425718895161704,1.7123056970763701,1.7461336075797025
483,483,483,483,483,483,483,0.06591216545170306,1.15071564650311,1.997495870719012
484,484,484,484,484,484,484,0.051524861242770885,1.7582035555273678,1.9162820412947696
485,485,485,485,485,485,485,0.13494439890169502,2.522403611520308,3.9002795084818915
486,486,486,486,486,486,486,0.0488013626349187,2.067597066651564,1.575621178090834
487,487,487,487,487,487,487,0.045115600064977425,1.0424917755916279,1.161868065553382
488,488,488,488,488,488,488,0.08925144045946413,2.0125946186290555,2.7212456388165225
489,489,489,489,489,489,489,0.11341884566490187,2.5060781723730394,3.107451900568914
490,490,490,490,490,490,490,0.17888195460096334,1.6620405875013715,3.8592005406919085
491,491,491,491,491,491,491,0.05032932116866018,0.9897420904556878,1.763245396170265
492,492,492,492,492,492,492,0.1469289591568047,2.156793853699596,3.2833084480488237
493,493,493,493,493,493,493,0.07374441091282827,3.0475860481126977,2.449718821511951
494,494,494,494,494,494,494,0.1432082051700602,1.2419170915632194,3.735013164880416
495,495,495,495,495,495,495,0.050644243919889344,2.2388479292748396,1.8677501965848502
496,496,496,496,496,496,496,0.04066002632536487,1.4368309418480003,1.6082076941212915
497,497,497,497,497,497,497,0.13067544605169973,2.1652208762699607,3.4861825318796926
498,498,498,498,498,498,498,0.07932554189294505,1.7406574881259729,2.7958649696867113
499,499,499,499,499,499,499,0.0672884945126305,2.6044314550353573,2.1891107706397817
500,500,500,500,500,500,500,0.10118351358936896,2.8283896829832686,2.683602902098197
501,501,501,501,501,501,501,0.018691248475730695,0.8959081660857031,0.5679602661205861
502,502,502,502,502,502,502,0.07047854534452587,1.6049525929040906,1.693180399514681
503,503,503,503,503,503,503,0.05146071031196494,0.8857948819683857,1.4981020542236212
504,504,504,504,504,504,504,0.13124697252615267,3.319551911692248,2.8888759881916446
505,505,505,505,505,505,505,0.020324181259881894,0.3077199429029934,0.5406909339596002
506,506,506,506,506,506,506,0.036962599949822504,1.292790824878096,1.0576295501650752
507,507,507,507,507,507,507,0.04150565223144317,0.7355142807446634,1.120816567236762
508,508,508,508,508,508,508,0.06712520123421538,1.1189684140726577,1.587231567869865
509,509,509,509,509,509,509,0.11434611821018774,2.9557162711718563,2.6677099964992457
510,510,510,510,510,510,510,0.08364698186814519,2.4086840655220367,2.2498253649084194
511,511,511,511,511,511,511,0.03270531090542831,1.9568906056001232,1.2995181880368492
512,512,512,512,512,512,512,0.050049389834234265,1.282498411712694,1.4043403950530442
513,513,513,513,513,513,513,0.06820410325231528,1.4122323021376946,1.780031097021249
514,514,514,514,514,514,514,0.0477516201308215,2.969743017782183,1.515358692959306
515,515,515,515,515,515,515,0.0679300038206899,0.7908675112703838,1.8423666495282056
516,516,516,516,516,516,516,0.05188060731360382,1.284987859789531,1.441822227675314
517,517,517,517,517,517,517,0.04569879034503142,1.1027032781442172,1.3561255553064144
518,518,518,518,518,518,518,0.03693344043581981,0.9877167471761864,1.0113226246033222
519,519,519,519,519,519,519,0.04800239195124472,1.9784955466125225,1.2942724812529922
520,520,520,520,520,520,520,0.07645624571507938,0.6785006031663062,1.6767672034151526
521,521,521,521,521,521,521,0.06220307527055962,0.5748585656565125,1.617390102504869
522,522,522,522,522,522,522,0.02673927434047589,0.6659088618125096,0.8193114952481051
523,523,523,523,523,523,523,0.006998283360647998,0.4291173989322508,0.35587502324933606
524,524,524,524,524,524,524,0.049098789677746245,1.787897216920206,1.2959414117248806
525,525,525,525,525,525,525,0.021449738500386114,1.3452462490894177,0.7898567306537183
526,526,526,526,526,526,526,0.03380754053473037,1.883169362697129,1.095792107004214
527,527,527,527,527,527,527,0.012719380007977735,1.4196749836704874,0.5372792805176128
528,528,528,528,528,528,528,0.03986688754449143,1.8908699487999163,1.4866988668925298
529,529,529,529,529,529,529,0.016895022413164373,3.0055801253006407,0.883610685859811
530,530,530,530,530,530,530,0.02770737020536553,0.8345138592347009,1.116141191313084
531,531,531,531,531,531,531,0.09721781968500176,1.8860559500018288,2.971946566476084
532,532,532,532,532,532,532,0.1277536627486292,1.213729776891142,3.471107125634396
533,533,533,533,533,533,533,0.10041953432249823,3.524196072620138,2.7510800138167584
534,534,534,534,534,534,534,0.12021301242753098,2.137875023748569,3.867975010665643
535,535,535,535,535,535,535,0.03796568723151539,3.3186670528998565,1.4332971795720775
536,536,536,536,536,536,536,0.050142700279042905,1.924964518345852,1.749690790197678
537,537,537,537,537,537,537,0.06556225128367066,2.516529979532747,2.126118081723935
538,538,538,538,538,538,538,0.019361917297792793,0.9236153792737424,0.9554435985366458
539,539,539,539,539,539,539,0.03682846618541009,2.000359329470048,1.131160885241434
540,540,540,540,540,540,540,0.13946412357211352,3.0368583632629846,3.7281374339842426
541,541,541,541,541,541,541,0.07638626288147289,3.063198924756737,2.303147890906273
542,542,542,542,542,542,542,0.05870393359023562,2.131503228205504,1.8468677933450652
543,543,543,543,543,543,543,0.02491972066670741,1.2383486954818992,0.9341328939566563
544,544,544,544,544,544,544,0.07670701753550259,2.746722304111616,2.3452566198988625
545,545,545,545,545,545,545,0.06427923266755185,2.442266497865944,1.98166718347118
546,546,546,546,546,546,546,0.09910152428957618,1.180879467338779,2.731948525149377
547,547,547,547,547,547,547,0.06935298810402166,3.2029661295219376,2.2865673460795373
548,548,548,548,548,548,548,0.06582468690969495,2.2355757872816824,1.9696802357773957
549,549,549,549,549,549,549,0.050749218170299065,3.4907678208022994,1.6572350676853622
550,550,550,550,550,550,550,0.05219553006483298,1.9945087414276472,1.915652181308499
551,551,551,551,551,551,551,0.043914228088066186,1.917040043911164,1.4516069159142806
552,552,552,552,552,552,552,0.037942359620313226,2.1660115451642383,1.4639183499879769
553,553,553,553,553,553,553,0.044509082173721265,2.615492038904313,1.6032827207927225
554,554,554,554,554,554,554,0.012620237660368556,1.237906266085703,0.5374531357955973
555,555,555,555,555,555,555,0.03807066148192511,1.8209382717355247,1.3299802909595568
556,556,556,556,556,556,556,0.03816397192673374,0.862441467875339,1.1151587738329365
557,557,557,557,557,557,557,0.03768575589708947,2.45334456471127,1.430990395229709
558,558,558,558,558,558,558,0.039207882528030404,2.820478329717147,1.3075009771142008
559,559,559,559,559,559,559,0.039044589249615284,2.57067004435347,1.2721076687149888
560,560,560,560,560,560,560,0.03073995966164633,1.5730800200773398,1.1462738822370895
561,561,561,561,561,561,561,0.034215773730768166,2.5759355324185083,1.2109163585987306
562,562,562,562,562,562,562,0.05124492990834496,1.6800950710433908,1.650867639029288
563,563,563,563,563,563,563,0.02504802252831929,1.2274102434688536,0.7548590888846836
564,564,564,564,564,564,564,0.03172555123493759,2.388888205600121,1.1373533330432615
565,565,565,565,565,565,565,0.0492387553449592,1.4520959849952195,1.5063311276563538
566,566,566,566,566,566,566,0.04308026598758896,1.4650937412459055,1.8082646068587493
567,567,567,567,567,567,567,0.04835230611927712,2.7633420005932714,1.5505049072812374
568,568,568,568,568,568,568,0.022260372989661173,0.9520982874645167,0.9354359098919577
569,569,569,569,569,569,569,0.03612863784934529,1.3059452055886045,1.5807292431206093
570,570,570,570,570,570,570,0.03071080014764363,1.5260453588559086,1.1312980044712024
571,571,571,571,571,571,571,0.04177391976026801,1.582270586850259,1.6354414939665034
572,572,572,572,572,572,572,0.05058592489188394,2.1030801202364446,1.608878776621806
573,573,573,573,573,573,573,0.02313515840974217,1.472776703709529,0.9818046332029167
574,574,574,574,574,574,574,0.02098318627634291,2.344718210488874,0.8994542470928595
575,575,575,575,575,575,575,0.046258653013883266,1.8964073998786448,1.7951129873951173
576,576,576,576,576,576,576,0.016142706951894716,1.544333874313332,0.6430930809335722
577,577,577,577,577,577,577,0.011867922199098897,1.2284778074577265,0.6067351068664228
578,578,578,578,578,578,578,0.006986619555046918,0.8653093670200213,0.3271804788876749
579,579,579,579,579,579,579,0.03113069714928251,0.8228810367121449,1.2954921325622422
580,580,580,580,580,580,580,0.03608781452974151,2.0171412118136067,1.3777178121322227
581,581,581,581,581,581,581,0.022907714200521113,2.916961335438623,1.0342959110113918
582,582,582,582,582,582,582,0.019676840049021954,1.7751830838656943,0.7455921674839283
583,583,583,583,583,583,583,0.02807478008179955,1.264259948748021,1.0954394115605395
584,584,584,584,584,584,584,0.09918900283158429,0.7744391897850946,3.363020204872468
585,585,585,585,585,585,585,0.021449738500386114,2.772729535930632,0.9228333686916661
586,586,586,586,586,586,586,0.05933377909269394,1.9010378334126816,1.903010445534854
587,587,587,587,587,587,587,0.12673891166133525,1.3907497528260084,3.3539195388412684
588,588,588,588,588,588,588,0.06745178779104562,1.4068924970537344,1.8338985330101785
589,589,589,589,589,589,589,0.05683189279126228,1.9122169852423216,1.4723911588461631
590,590,590,590,590,590,590,0.047372546448786405,1.0838053981832587,1.587515848793963
591,591,591,591,591,591,591,0.023811659134604812,1.3651845197476975,0.8773130443188223
592,592,592,592,592,592,592,0.02568369993357815,2.606336685489422,1.0992071362436313
593,593,593,593,593,593,593,0.10141678970139056,3.169892868912806,2.3206721804136676
594,594,594,594,594,594,594,0.10120684120057112,1.0483223445983787,1.9537132144277676
595,595,595,595,595,595,595,0.04697597705834968,0.55842620822763,1.3153444749746104
596,596,596,596,596,596,596,0.06576636788168956,1.5859803959242091,1.656808382176755
597,597,597,597,597,597,597,0.07350530289800614,2.501881130651467,1.746327751294857
598,598,598,598,598,598,598,0.054539954990650064,1.6650414439111627,1.623209938017533
599,599,599,599,599,599,599,0.10182502289742837,1.5281227765233638,2.3307518999768666
600,600,600,600,600,600,600,0.044065857560880224,1.2076755793972935,1.3532676656279832
601,601,601,601,601,601,601,0.09761438907543848,1.3846474806503697,2.5086159758625985
602,602,602,602,602,602,602,0.07438592022088768,1.6717307182230328,2.1111749865975376
603,603,603,603,603,603,603,0.02370668488419509,1.3406751315338905,0.8559975418494419
604,604,604,604,604,604,604,0.033253509768679065,1.095585136777505,1.0415668744764495
605,605,605,605,605,605,605,0.02742160696813907,0.7998063939100651,0.9955554410348627
606,606,606,606,606,606,606,0.03174304694333921,2.397881126378272,1.077003326829731
607,607,607,607,607,607,607,0.04765830968601286,0.7983957511188208,1.4063453990989656
608,608,608,608,608,608,608,0.04695848134994806,0.8449484261563891,1.538968555397912
609,609,609,609,609,609,609,0.08326790818611009,1.6470677862482959,2.3784694649071993
610,610,610,610,610,610,610,0.014713890765762416,0.7778202193518257,0.5007190998247353
611,611,611,611,611,611,611,0.012970151828400955,0.4535151028249106,0.41280967563064547
612,612,612,612,612,612,612,0.010637390708184957,0.6536911962926665,0.398913761942439
613,613,613,613,613,613,613,0.0423862695543247,1.6711568372553685,1.307444014192218
614,614,614,614,614,614,614,0.12478522422315433,2.9951855993149765,2.9059249318608775
615,615,615,615,615,615,615,0.08208403191760047,1.2914372943523749,2.231827708093979
616,616,616,616,616,616,616,0.09413857500631664,3.471142427262888,2.534644523899628
617,617,617,617,617,617,617,0.040770832478575124,1.4956127835469364,1.340033684501726
618,618,618,618,618,618,618,0.05122743419994334,1.7636795509109349,1.6901234662153821
619,619,619,619,619,619,619,0.09467511006396633,2.9400472195374245,2.6662029864364305
620,620,620,620,620,620,620,0.04939621672057378,2.0501619877484742,1.2551198611018002
621,621,621,621,621,621,621,0.05646448291482826,1.7977340795208443,1.866115788717839
622,622,622,622,622,622,622,0.040887470534585926,2.057377509519005,1.6318711786283129
623,623,623,623,623,623,623,0.04608952783266761,1.2788383952866926,1.2654126287800087
624,624,624,624,624,624,624,0.031521434636918685,1.9960398960477608,1.233659137361835
625,625,625,625,625,625,625,0.09386447557469127,2.9936475439630548,2.2474854014261227
626,626,626,626,626,626,626,0.09141507639846447,1.3156749793972935,2.1002268808655518
627,627,627,627,627,627,627,0.1369680691734824,1.4430146887544484,2.655130853783353
628,628,628,628,628,628,628,0.041289871827823184,1.201056560806535,1.1205062470430154
629,629,629,629,629,629,629,0.1809756077063572,1.790861658830691,3.967084886589508
630,630,630,630,630,630,630,0.07288712120114889,2.0047137164055604,1.7035259730167702
631,631,631,631,631,631,631,0.03960445191846713,1.2110103515748316,1.2249078454677582
632,632,632,632,632,632,632,0.014439791334137034,1.289763726131172,0.5590641909351602
633,633,633,633,633,633,633,0.06746928349944724,1.7823057277030059,2.19178440233084
634,634,634,634,634,634,634,0.05461576972705708,1.9019023427423096,1.706266371154598
635,635,635,635,635,635,635,0.06543978132485932,2.325242388262439,1.6401538606333363
636,636,636,636,636,636,636,0.06834990082232878,1.5491569329821744,2.196625684109791
637,637,637,637,637,637,637,0.04561131180302332,1.853271834872768,1.6946389976800704
638,638,638,638,638,638,638,0.02622023499122783,2.3007458613723952,1.173635191590765
639,639,639,639,639,639,639,0.02752658121854879,1.4513072755664091,0.8274807490367914
640,640,640,640,640,640,640,0.13320065996433356,1.0469688140726576,2.589274967808808
641,641,641,641,641,641,641,0.09464595054996362,0.990397565890496,2.2198052503848515
642,642,642,642,642,642,642,0.08986962215632137,2.9766548944561624,2.0937131392460375
643,643,643,643,643,643,643,0.0447481901885434,2.602472802631897,1.4190086256077221
644,644,644,644,644,644,644,0.12717047246857519,2.571690416015144,2.2855022622302887
645,645,645,645,645,645,645,0.06532314326884851,1.0965266889496552,1.7055062366364853
646,646,646,646,646,646,646,0.08897734102783875,1.0724245167740163,2.4840305056420084
647,647,647,647,647,647,647,0.08301713636568687,0.9364819306009932,1.9128507673205593
648,648,648,648,648,648,648,0.1223591526581297,1.480810448676366,2.3893710665422683
649,649,649,649,649,649,649,0.05672108663805202,0.8378650792619412,1.4340272722017835
650,650,650,650,650,650,650,0.02773652971936823,1.8283940744368845,0.9402831192479096
651,651,651,651,651,651,651,0.07287545739554781,0.696691248429264,1.9551876759006452
652,652,652,652,652,652,652,0.11087613604386644,0.8523476198886691,2.7516056361425285
653,653,653,653,653,653,653,0.12257493306174967,1.702971834347769,2.362498760473606
654,654,654,654,654,654,654,0.06650118763455759,1.4255175316464097,1.6611280331774616
655,655,655,655,655,655,655,0.05284287127569292,0.9178386925310618,1.3607902587409575
656,656,656,656,656,656,656,0.10226241560746886,1.1830566608065354,2.194516298799331
657,657,657,657,657,657,657,0.046946817544346986,0.6606431139026693,1.2670961304674058
658,658,658,658,658,658,658,0.06872314260156334,1.6344426448454803,1.7275249201250074
659,659,659,659,659,659,659,0.05448163596264466,1.5541858329429907,1.6849002970838018
660,660,660,660,660,660,660,0.039901878961294664,1.1800426832281778,1.1629211464117941
661,661,661,661,661,661,661,0.13917836033488706,1.5425247932228492,2.9448043251768774
662,662,662,662,662,662,662,0.09838420024510977,1.1173560417018118,2.2910702957316373
663,663,663,663,663,663,663,0.06875230211556603,2.0606448891967566,1.631525659944538
664,664,664,664,664,664,664,0.08428849117620459,0.549616875000549,2.283269568618311
665,665,665,665,665,665,665,0.03449570506519409,1.99603989604776,1.0838822949621953
666,666,666,666,666,666,666,0.06456499590477832,1.7402773923570778,1.9926172421657085
667,667,667,667,667,667,667,0.016813375773956814,1.9759851942807176,0.7579708834746965
668,668,668,668,668,668,668,0.020563289274704032,0.7476026538319822,0.7139952976016861
669,669,669,669,669,669,669,0.060424344916394916,3.0090146999305363,1.7397524630984995
670,670,670,670,670,670,670,0.05190976682760652,2.0368060613368417,1.456761572216681
671,671,671,671,671,671,671,0.07109089513858258,1.8490879143197607,1.780306612183473
672,672,672,672,672,672,672,0.03415745470276277,1.796319353144767,1.2589011171992615
673,673,673,673,673,673,673,0.04627614872228488,1.425912768715407,1.466128726078919
674,674,674,674,674,674,674,0.04107992332700375,2.371895556093228,1.3141483731342676
675,675,675,675,675,675,675,0.06121748369726836,1.876400772793393,1.589798603391297
676,676,676,676,676,676,676,0.043902564282465105,1.4619125687154064,1.2114429550603718
677,677,677,677,677,677,677,0.03951114147365849,2.694207066703456,1.3599471300925943
678,678,678,678,678,678,678,0.06602880350771385,2.5615887481127,1.757013366276397
679,679,679,679,679,679,679,0.07573892167061295,3.284006724981882,2.0764336857088495
680,680,680,680,680,680,680,0.03453069648199733,1.84336687568996,1.117723348413951
681,681,681,681,681,681,681,0.05675607805485526,2.928587000249294,1.7016783831650693
682,682,682,682,682,682,682,0.02826140097141683,1.3165117635078956,0.8892784773614573
683,683,683,683,683,683,683,0.03293275511464937,1.4692459797160522,1.0616867652796431
684,684,684,684,684,684,684,0.02824973716581575,1.3756853312282504,0.9219826026870893
685,685,685,685,685,685,685,0.04618283827747624,2.194888808069419,1.7532439761748195
686,686,686,686,686,686,686,0.021729669834812032,2.355310382469305,0.9266141043344709
687,687,687,687,687,687,687,0.02652349393685591,1.34292664202057,0.7900997421119553
688,688,688,688,688,688,688,0.05406173896100578,0.7215866325043117,1.3653353070947962
689,689,689,689,689,689,689,0.034898106358431345,2.3815285522623406,1.1644631319395997
690,690,690,690,690,690,690,0.09232485323534871,2.061461394426908,2.268269195528255
691,691,691,691,691,691,691,0.048043215270848504,1.66683740383308,1.4380215836019739
692,692,692,692,692,692,692,0.03614030165494637,3.5743056474254815,1.4477368283007443
693,693,693,693,693,693,693,0.041738928343464765,1.3626001102417726,1.386168878332681
694,694,694,694,694,694,694,0.03406414425795413,2.3153855037614237,1.1323126927236382
695,695,695,695,695,695,695,0.038082325287526184,2.9076823932030864,1.3638247974455047
696,696,696,696,696,696,696,0.031783870262942986,1.9615772141245518,1.1018627628496853
697,697,697,697,697,697,697,0.04134819085582859,1.6884423448454808,1.5614599643846812
698,698,698,698,698,698,698,0.05157734836797574,1.7493199052813635,1.6168384890675247
699,699,699,699,699,699,699,0.034116631383158985,1.2796008623783701,0.97826011278151
700,700,700,700,700,700,700,0.024424008928661513,2.2880114494374326,1.007354708127119
701,701,701,701,701,701,701,0.06156739786530076,3.1613537587752734,1.8506392648173375
702,702,702,702,702,702,702,0.04999107080622886,2.8708589302610514,1.5716042269124408
703,703,703,703,703,703,703,0.07289295310394943,2.852784713242128,1.8401484361625657
704,704,704,704,704,704,704,0.07362777285681747,1.4337498049626056,1.9496631788768504
705,705,705,705,705,705,705,0.09430186828473176,0.6822351935913069,2.201358603757695
706,706,706,706,706,706,706,0.09027785535235917,1.7834757937914256,2.40156143187657
707,707,707,707,707,707,707,0.07537151179417893,1.1593357221767373,2.165500840455456
708,708,708,708,708,708,708,0.07230976282389544,1.171614583546936,1.8632673914211038
709,709,709,709,709,709,709,0.04870222028730952,1.1151788482340557,1.3390868049861355
710,710,710,710,710,710,710,0.07160993448783064,2.71444535602157,1.855776202368335
711,711,711,711,711,711,711,0.046322803944689205,2.2553447274361416,1.6336987116955988
712,712,712,712,712,712,712,0.05201474107801624,2.1399647790288365,1.6499421252295186
713,713,713,713,713,713,713,0.05682606088846174,1.6944834211707642,1.5016609893356707
714,714,714,714,714,714,714,0.05420170462821874,2.9346411977431424,1.5783004797567188
715,715,715,715,715,715,715,0.06885144446317522,1.586497142339329,1.8323820893076581
716,716,716,716,716,716,716,0.04314441691839491,2.3636641651316244,1.3129721822820866
717,717,717,717,717,717,717,0.07016945449609725,1.525680777753803,2.034558131880925
718,718,718,718,718,718,718,0.06262880417499904,0.5053881833254161,1.7227626397396187
719,719,719,719,719,719,719,0.10302639487433961,0.6371857794333968,2.1546192190877136
720,720,720,720,720,720,720,0.14035640470059613,0.6892354457279039,3.188164476196092
721,721,721,721,721,721,721,0.05448163596264466,1.2763280429548882,1.4380440296026313
722,722,722,722,722,722,722,0.03071663205044417,2.005869600936513,1.0407465988868279
723,723,723,723,723,723,723,0.07491079147293628,1.6665173661375998,1.9383089458114087
724,724,724,724,724,724,724,0.03656019865658525,1.7482242793256375,1.3565154765370193
725,725,725,725,725,725,725,0.03935368009804391,3.6364274678549338,1.511623991267482
726,726,726,726,726,726,726,0.03295025082305099,2.8531178721061754,1.2038652185338958
727,727,727,727,727,727,727,0.036869289505013864,1.345620581903446,1.2388271095765808
728,728,728,728,728,728,728,0.014813033113371595,1.3779672662092546,0.5604995742335817
729,729,729,729,729,729,729,0.02643018349204727,1.5729390674623311,0.9950208280234909
730,730,730,730,730,730,730,0.07850907550086945,2.3972900629442297,1.7942620684679267
731,731,731,731,731,731,731,0.19360167726952632,3.65931913929502,4.011776872400989
732,732,732,732,732,732,732,0.035172205790056726,2.0700933605396714,1.117881855245532
733,733,733,733,733,733,733,0.03160308127612625,2.462289410807632,1.0920924898580187
734,734,734,734,734,734,734,0.05378180762657986,3.3754218886330887,1.7605973005085216
735,735,735,735,735,735,735,0.05098249428232066,2.345480677580553,1.5540957338777328
736,736,736,736,736,736,736,0.021490561819989894,0.9950982328586232,0.7399501482628216
737,737,737,737,737,737,737,0.016387646869517394,1.3003078234298122,0.627285390774494
738,738,738,738,738,738,738,0.008053857767545736,1.16943739007918,0.3771636757226137
739,739,739,739,739,739,739,0.02055162546910295,1.1667915248780962,0.7681719144521779
740,740,740,740,740,740,740,0.010619894999783335,1.0483223445983785,0.5172938320437039
741,741,741,741,741,741,741,0.013477527372047935,1.5070417396379692,0.5864167592014333
742,742,742,742,742,742,742,0.009354372092066156,1.006614627137145,0.41303370173524456
743,743,743,743,743,743,743,0.019525210576207912,1.498232406410889,0.699486221370939
744,744,744,744,744,744,744,0.016451797800323333,1.0843352657669445,0.5699639599968791
745,745,745,745,745,745,745,0.013833273442880874,1.6251296863718467,0.5971398841315734
746,746,746,746,746,746,746,0.022132071128049293,0.886660487047261,0.8363324999692678
747,747,747,747,747,747,747,0.026838416688085072,1.2788383952866933,0.8255648914275993
748,748,748,748,748,748,748,0.05618455158040234,1.6914213689106137,1.2585533306643761
749,749,749,749,749,749,749,0.042438756679529566,1.153062723773788,1.111450706339315
750,750,750,750,750,750,750,0.022266204892461713,0.9034382858059872,0.7452645256609248
751,751,751,751,751,751,751,0.041027436201798884,1.1045123592347021,1.0836030976620132
752,752,752,752,752,752,752,0.038857968359998,0.9618054939100646,1.008915162523564
753,753,753,753,753,753,753,0.03188884451335271,1.109396613753899,0.9886474982632304
754,754,754,754,754,754,754,0.02819141813781035,1.6580543129431322,0.9570779196444168
755,755,755,755,755,755,755,0.014772209793767815,0.8590230694803034,0.6005614504550731
756,756,756,756,756,756,756,0.0637893528323065,0.7941077307945238,1.6945799454815045
757,757,757,757,757,757,757,0.02248781719888223,1.316967314072657,0.7242604943087594
758,758,758,758,758,758,758,0.02102400959594669,0.7901733977409495,0.7693192597945193
759,759,759,759,759,759,759,0.018627097544924753,1.107526336813058,0.6258810603285779
760,760,760,760,760,760,760,0.017548195526824854,1.6050137887544482,0.7228522716725525
761,761,761,761,761,761,761,0.018708744184132313,1.192462497213388,0.7323844942995494
762,762,762,762,762,762,762,0.013868264859684116,0.438984730968032,0.43628999515771216
763,763,763,763,763,763,763,0.008759518006411077,0.941220924559337,0.41328366095104574
764,764,764,764,764,764,764,0.005656945716523798,0.7362348935913068,0.28664099335139415
765,765,765,765,765,765,765,0.008199655337559238,0.6335141028249106,0.3449604070705885
766,766,766,766,766,766,766,0.005551971466114078,0.15273421620815686,0.22492251232688076
767,767,767,767,767,767,767,0.009931730469319616,0.7212489711696642,0.3792518268915922
768,768,768,768,768,768,768,0.002729330510652719,0.2388086375002744,0.14193468246166424
769,769,769,769,769,769,769,0.016807543871156273,0.9302343978645004,0.6150150774686569
770,770,770,770,770,770,770,0.013984902915694914,0.5513516390721089,0.44951145073607657
771,771,771,771,771,771,771,0.021834644085221754,0.4091615201625926,0.8554461735130584
772,772,772,772,772,772,772,0.008269638171165716,0.53644003366939,0.32200438927425507
773,773,773,773,773,773,773,0.002799313344259199,,0.12358491937921018
774,774,774,774,774,774,774,0.010345795568157956,0.5627937163317079,0.3927972233650115
775,775,775,775,775,775,775,0.010030872816928797,0.2557922494234361,0.45262553851407
776,776,776,776,776,776,776,0.004753000782440098,0.2445296761300749,0.2293716389178588
777,777,777,777,777,777,777,0.0034816459719223787,0.21072019076639648,0.14932802799375836
778,778,778,778,778,778,778,0.004012349126771519,0.35605980012355115,0.1918241146305519
779,779,779,779,779,779,779,0.010409946498963896,0.3757944641951112,0.3391024852851493
780,780,780,780,780,780,780,0.0038198963343536985,0.2076318961691154,0.16460818902097646
781,781,781,781,781,781,781,0.006881645304637198,0.2418969320975555,0.24170354621483803
782,782,782,782,782,782,782,0.005575299077316238,0.23791065753931584,0.21756698695361554
783,783,783,783,783,783,783,0.011850426490697275,0.1584552548379564,0.4157347772675764
784,784,784,784,784,784,784,0.003499141680323999,0.3568965842341525,0.17461971906800555
785,785,785,785,785,785,785,0.016568435856334135,0.3176812459847145,0.6335063608528291
786,786,786,786,786,786,786,0.013646652553263595,0.5096430800405334,0.5550086884203697
787,787,787,787,787,787,787,0.02128061331917045,0.46444043366939,0.5989124267079708
788,788,788,788,788,788,788,0.0034758140691218387,0.4438077896368715,0.1986687008787505
789,789,789,789,789,789,789,0.007983874933939258,0.27480843750027445,0.27589338100471184
790,790,790,790,790,790,790,0.0017145794233587594,0.2739104575393159,0.10758240000753594
791,791,791,791,791,791,791,0.004414750420008778,0.1869992521365969,0.2071977884406173
792,792,792,792,792,792,792,0.011920409324303756,0.5421610722991895,0.40793879976604525
793,793,793,793,793,793,793,0.008916979382025656,0.6734258603642264,0.36132969980201934
794,794,794,794,794,794,794,0.016982500955172473,1.0105265846764633,0.6353004613424118
795,795,795,795,795,795,795,0.0049512854776584585,0.2576453216108757,0.2127498962370205
796,796,796,796,796,796,796,0.019000339324159312,0.5110455268183878,0.5423566339044341
797,797,797,797,797,797,797,0.014416463722934874,0.8178062939100649,0.49766596260648255
798,798,798,798,798,798,798,0.007768094530319277,0.541263092338231,0.30902102055134206
799,799,799,799,799,799,799,0.005202057298081678,0.7603982616173024,0.2691050765861197
800,800,800,800,800,800,800,0.004776328393642258,0.7559083618125094,0.24392030789906666
801,801,801,801,801,801,801,0.002204459258604119,0.14270686532463614,0.10754983672881521
802,802,802,802,802,802,802,0.008899483673624036,0.04917664133115903,0.2624007401597212
803,803,803,803,803,803,803,0.009990049497325017,0.4236422625070101,0.40129676428761407
804,804,804,804,804,804,804,0.002997598039477559,0.29370631746123305,0.1701333629146902
805,805,805,805,805,805,805,0.007004115263448537,0.5110455268183878,0.3117450407647596
806,806,806,806,806,806,806,0.007733103113516038,0.4635424537084314,0.3136497418617402
807,807,807,807,807,807,807,0.010351627470958497,1.0302741100717834,0.49768988645901385
808,808,808,808,808,808,808,0.06306619688503953,0.7234392858059867,2.1396179668755817
809,809,809,809,809,809,809,0.030512515452425268,0.6777028447057064,1.0914078803134313
810,810,810,810,810,810,810,0.008298797685168417,1.445980591651015,0.42770992339167346
811,811,811,811,811,811,811,0.02710085231410937,4.900831640648335,1.41208788932681
812,812,812,812,812,812,812,0.013185932232020935,2.1328902098733167,0.6931247397203512
813,813,813,813,813,813,813,0.02838970283302871,0.8165842149558127,1.1381159665090403
814,814,814,814,814,814,814,0.23542225225219865,1.3966806007264163,6.460942160445777
815,815,815,815,815,815,815,0.12047544805355527,1.9942756734886609,3.602898682426197
816,816,816,816,816,816,816,0.07181405108584954,0.5367641549497056,1.996797850260354
817,817,817,817,817,817,817,0.3753296004371532,1.0127649739945748,8.861888886524781
818,818,818,818,818,818,818,0.2691714737589236,3.588573672710371,8.09007729619156
819,819,819,819,819,819,819,0.40451244205105535,0.9701461554038168,10.393757425995696
820,820,820,820,820,820,820,0.09661713369654615,1.3456205819034464,3.470050632329268
821,821,821,821,821,821,821,0.1580095744778307,3.027781569492813,5.062507278137119
822,822,822,822,822,822,822,0.3706640781967212,1.7783063319762,9.549897087389983
823,823,823,823,823,823,823,0.1597591453179927,2.7917888446903656,5.4280764165988735
824,824,824,824,824,824,824,0.17284010329960392,1.3919677704824485,5.2957155151593005
825,825,825,825,825,825,825,0.21315604735973692,3.197980378371553,7.432125496608027
826,826,826,826,826,826,826,0.2656723320785996,1.9961673086084388,7.927759105485503
827,827,827,827,827,827,827,0.15359482405782193,3.067617653852312,5.033274998178062
828,828,828,828,828,828,828,0.8221466654033257,0.9181237240015264,16.957458746361993
829,829,829,829,829,829,829,0.08557150979232339,1.29516472706549,3.4136954288491523
830,830,830,830,830,830,830,0.34616425453165267,2.4218337272409345,11.666535637289758
831,831,831,831,831,831,831,0.178683669905745,1.2546007102417736,5.851305738027114
832,832,832,832,832,832,832,0.05796328193456704,2.7237856008499595,2.405579991621322
833,833,833,833,833,833,833,0.12214337225450972,4.24875690031134,4.997118044968088
834,834,834,834,834,834,834,0.13181266709780504,1.3266615060921307,3.8043899698967723
835,835,835,835,835,835,835,0.21573958030037615,0.7058718735388665,5.084511363403263
836,836,836,836,836,836,836,0.08022948682702875,0.5042746580393761,1.6480243533349577
837,837,837,837,837,837,837,0.14083462073024042,2.1723314760495835,3.904170925442564
838,838,838,838,838,838,838,0.22568297457529685,2.2561824488218734,7.464413637875942
839,839,839,839,839,839,839,0.28871418004353316,2.0034171995730032,7.523717754517579
840,840,840,840,840,840,840,0.0605526467780068,7.042441871011009,2.5525244354142025
841,841,841,841,841,841,841,0.06738763686023967,3.945702190783308,2.924630560721932
842,842,842,842,842,842,842,0.21726753883411762,9.593123430307736,6.668431167385498
843,843,843,843,843,843,843,0.13659482739424783,2.2399163756183045,4.365771531504778
844,844,844,844,844,844,844,0.035510456152488046,1.8138896850723325,1.4998989426339342
845,845,845,845,845,845,845,0.05301199645690858,1.93536406519148,1.48533936464858
846,846,846,846,846,846,846,0.14237424306958296,1.2634100434688538,4.9027541510637
847,847,847,847,847,847,847,0.13162604620818774,1.7232241271890405,3.507777267797421
848,848,848,848,848,848,848,0.06185899300532776,1.4104232210472116,1.9628782684123178
849,849,849,849,849,849,849,0.08054440957825791,1.0315404622548192,2.9513294459895194
850,850,850,850,850,850,850,0.04292863651477492,1.5175115199176863,1.4998132676159113
851,851,851,851,851,851,851,0.03911457208322176,2.0016430454474445,1.7240752580940573
852,852,852,852,852,852,852,0.02666929150686941,2.6929768651535806,1.415091341923599
853,853,853,853,853,853,853,0.1417502294699252,4.318649540277677,5.084364116072687
854,854,854,854,854,854,854,0.04603704070746274,3.408878873527395,1.9603664732538673
855,855,855,855,855,855,855,0.05729844501530548,2.4334932482416445,2.2373835267286575
856,856,856,856,856,856,856,0.020114232759062455,1.8893940265734817,0.9389011132051639
857,857,857,857,857,857,857,0.006782502957028018,1.2924095913322564,0.4030430257310891
858,858,858,858,858,858,858,0.05546139563313538,2.056286904423241,2.293282043374315
859,859,859,859,859,859,859,0.13601746901699438,1.7109181411271162,5.0066639486820845
860,860,860,860,860,860,860,0.05605624971879046,2.3463043405225874,2.4267837328745387
861,861,861,861,861,861,861,0.02944527723992645,1.3139402153257342,1.170797547178789
862,862,862,862,862,862,862,0.011063119612624376,2.3961822530950667,0.7625951619830502
863,863,863,863,863,863,863,0.022038760683240653,3.607796032368805,1.1255834433672527
864,864,864,864,864,864,864,0.02977186379675669,2.183161777720667,1.4068968607416588
865,865,865,865,865,865,865,0.05054510157228016,1.0947919248780955,1.7501285366082087
866,866,866,866,866,866,866,0.09578900349886947,3.1196746397643937,3.2879781177365683
867,867,867,867,867,867,867,0.014894679752579154,2.6767117292251394,0.8036537570300105
868,868,868,868,868,868,868,0.015909430839873114,1.870224183598832,0.7121462108458315
869,869,869,869,869,869,869,0.011518008031066496,2.126760813005954,0.6293349229431903
870,870,870,870,870,870,870,0.057910794809362176,3.188597067963696,2.8461153155389094
871,871,871,871,871,871,871,0.010234989414947696,2.816478933990342,0.6579581422034941
872,872,872,872,872,872,872,0.017519036012822155,1.297245771169665,0.826373106978499
873,873,873,873,873,873,873,0.04946619955418026,2.527669996356261,2.3173410205017286
874,874,874,874,874,874,874,0.07160993448783064,4.234798512584852,3.7848606672833376
875,875,875,875,875,875,875,0.035242188623663205,3.5864961333330636,1.7141446400752693
876,876,876,876,876,876,876,0.12826103829227617,1.4019801805676833,4.3893442191043155
877,877,877,877,877,877,877,0.06735264544343643,4.123278136282947,2.9067900609206476
878,878,878,878,878,878,878,0.16490871549086952,3.0282716323980154,5.144758509784445
879,879,879,879,879,879,879,0.09412691120071556,3.2126956237492985,3.016882604147788
880,880,880,880,880,880,880,0.10517836700773886,1.690023825000917,3.0784213744088986
881,881,881,881,881,881,881,0.2138092204733974,3.1686090278147514,5.320863999207197
882,882,882,882,882,882,882,0.15709396573814594,3.1426122162329864,4.832436945176426
883,883,883,883,883,883,883,0.23802328090123948,2.279074872558196,5.782650412084085
884,884,884,884,884,884,884,0.15489533838234235,2.4280374960477595,4.601451071452312
885,885,885,885,885,885,885,0.3165381883049095,2.054113308793491,7.729453212416619
886,886,886,886,886,886,886,0.2071491874751807,1.634911316578809,6.024161536269766
887,887,887,887,887,887,887,0.2026994456383687,1.7269787395144172,5.717954920731535
888,888,888,888,888,888,888,0.16705485572146825,1.8345357101182227,5.212713355241707
889,889,889,889,889,889,889,0.048334810410875506,2.3126213970072964,1.691772568742829
890,890,890,890,890,890,890,0.08302880017128796,1.2575725765950203,2.6501952360299628
891,891,891,891,891,891,891,0.035172205790056726,2.556162698683316,1.5172849037741378
892,892,892,892,892,892,892,0.46683215537762573,1.373776750510692,12.187984855486935
893,893,893,893,893,893,893,0.14798453356370245,1.3630687819751015,5.225792288295699
894,894,894,894,894,894,894,0.1699941347329404,2.3460499086699365,5.972345482918575
895,895,895,895,895,895,895,0.1990253468740285,1.0337567593834691,5.420303652001253
896,896,896,896,896,896,896,0.20586033695626138,2.003521941086253,5.4460203792519835
897,897,897,897,897,897,897,0.25742602151863603,2.5642127809691257,6.140590988370139
898,898,898,898,898,898,898,0.29848261723443764,2.6711954559717626,7.44894390035047
899,899,899,899,899,899,899,0.6746286840636664,1.2072593923382304,15.432773366002
900,900,900,900,900,900,900,0.13661815500545,2.472750220066453,3.8205674313686893
901,901,901,901,901,901,901,0.13427956198243346,3.4489018208520017,4.495970278913581
902,902,902,902,902,902,902,0.3954438331962156,2.2819354195989243,10.941793767931708
903,903,903,903,903,903,903,0.10695126545910302,2.2458744237485693,4.176259274244598
904,904,904,904,904,904,904,0.23693854698033903,2.7114281070128494,6.233813612291923
905,905,905,905,905,905,905,0.17642672352193603,1.4745857848000128,5.163347988950481
906,906,906,906,906,906,906,0.19204455922178212,1.681036383569965,4.923053299838935
907,907,907,907,907,907,907,0.1645121461004328,2.058086462183162,4.239503905788288
908,908,908,908,908,908,908,0.21411247941902548,1.4571823879797845,5.327485570232408
909,909,909,909,909,909,909,0.13066378224609865,1.0957161471761867,4.324953575203103
910,910,910,910,910,910,910,0.24533648701311664,2.794961171320626,7.293524427403823
911,911,911,911,911,911,911,0.11789191511291605,2.9847420613723927,3.773167586262856
912,912,912,912,912,912,912,0.15168779184204534,1.0706285568521,4.429721935295548
913,913,913,913,913,913,913,0.04128403992502264,3.4771485500749444,1.8839223306966901
914,914,914,914,914,914,914,0.08029946966063523,3.469094526227656,3.1449335416344733
915,915,915,915,915,915,915,0.1466781873363815,1.748101005270333,4.745408388480828
916,916,916,916,916,916,916,0.15071386407435516,1.393286087650139,4.725299043972777
917,917,917,917,917,917,917,0.12974234160361334,1.1951447769137784,4.113265991259398
918,918,918,918,918,918,918,0.3101580866411187,1.5525479619491789,9.373528096459108
919,919,919,919,919,919,919,0.1719944773935256,2.757804809359349,5.38649279633546
920,920,920,920,920,920,920,0.22021848165119087,2.2266162602318387,6.225560962118967
921,921,921,921,921,921,921,0.28413613634510926,1.7051957059766307,6.059534776639061
922,922,922,922,922,922,922,0.22491316340562556,1.9549155605977344,5.674973846413673
923,923,923,923,923,923,923,0.08919312143145873,3.597724690388328,3.2186067657849713
924,924,924,924,924,924,924,0.13977321442054214,1.0706285568520997,4.1359425868253465
925,925,925,925,925,925,925,0.07651456474308477,1.6653614816066458,2.775361884143259
926,926,926,926,926,926,926,0.12438282292991708,1.0737911684683044,3.2064665812877267
927,927,927,927,927,927,927,0.2522239642205544,1.1749181477781512,7.6343663054622874
928,928,928,928,928,928,928,0.1041636159204449,1.8468364038330805,4.174571846198775
929,929,929,929,929,929,929,0.493845529149727,1.5970412396379707,10.83957114275771
930,930,930,930,930,930,930,0.2161303177880123,2.410961818345851,5.768572677838857
931,931,931,931,931,931,931,0.13353307842396434,1.9530792074168613,4.7991169182336435
932,932,932,932,932,932,932,0.3932102144236088,2.2825713128326983,9.757816083479767
933,933,933,933,933,933,933,0.16098967680890663,1.6773027999731829,4.761063200891295
934,934,934,934,934,934,934,0.09413857500631664,5.866991303895135,3.462383887850568
935,935,935,935,935,935,935,0.11596738718873786,3.348958935438622,4.031992477917719
936,936,936,936,936,936,936,0.262523104566308,3.2255746307113173,9.07132978869227
937,937,937,937,937,937,937,0.015827784200665555,1.7370672862482968,0.9527320346212331
938,938,938,938,938,938,938,0.10127099213137707,1.7870675905214894,3.9498449936768347
939,939,939,939,939,939,939,0.15347235409901058,4.077129633020468,4.443874377784126
940,940,940,940,940,940,940,0.06227889000696664,2.836148193506049,2.0276726875283932
941,941,941,941,941,941,941,0.2694689008017511,1.1456672235399783,6.632645777674278
942,942,942,942,942,942,942,0.049792786111010505,1.8804813862709315,1.5944821101545323
943,943,943,943,943,943,943,0.15935674402475544,3.566724236872997,5.279615310921395
944,944,944,944,944,944,944,0.06984286793926701,1.9306986781442168,2.858747071262454
945,945,945,945,945,945,945,0.22710012695582807,1.5921701062873372,6.312552359890204
946,946,946,946,946,946,946,0.15008401857189685,2.3322426403990355,5.352113069856602
947,947,947,947,947,947,947,0.15525691635597583,2.6593160138277505,5.079648198408793
948,948,948,948,948,948,948,0.22649944096737243,0.8039010566458629,6.1662547900106945
949,949,949,949,949,949,949,0.2171159093613036,1.1280204891436802,6.005023011582262
950,950,950,950,950,950,950,0.12133856966803519,3.17512340346462,4.391134214732939
951,951,951,951,951,951,951,0.2092311767749735,1.1311331529592654,6.182195362677197
952,952,952,952,952,952,952,0.08713445974286811,1.2551305778254602,3.1016938765941204
953,953,953,953,953,953,953,0.2183872641718213,1.533469739319211,6.1485394308831225
954,954,954,954,954,954,954,0.22075501670884054,1.1672339542742909,5.265555529733089
955,955,955,955,955,955,955,0.05377014382097878,4.35270474631791,2.369744669274024
956,956,956,956,956,956,956,0.12835434873708482,3.1430418260842914,4.195049682170113
957,957,957,957,957,957,957,0.0545457868934506,1.0166288568520996,1.7207937197954049
958,958,958,958,958,958,958,0.10907407807849959,1.7094212689106143,3.8404385273132986
959,959,959,959,959,959,959,0.287891881748657,1.5900409875013737,7.023763746091783
960,960,960,960,960,960,960,0.157397224683774,2.3315064156444896,6.1562323002763595
961,961,961,961,961,961,961,0.10196498856464133,3.7737814069270414,3.7997545743348717
962,962,962,962,962,962,962,0.02353755970297943,2.271868705209707,0.9827949265176772
963,963,963,963,963,963,963,0.27083939795987805,2.670389978710074,7.216553934891716
964,964,964,964,964,964,964,0.20285107511118275,2.618458201645684,6.074750535186803
965,965,965,965,965,965,965,0.29898416087528407,2.8663699677313863,9.347851610544263
966,966,966,966,966,966,966,0.5187244264968307,2.50936317568996,11.938300338655427
967,967,967,967,967,967,967,0.32542600817293243,1.1110583183950715,8.194284081477898
968,968,968,968,968,968,968,0.38019340737280355,1.9229326155506083,11.54005056526932
969,969,969,969,969,969,969,0.5452887437532904,2.276989969229371,11.610889623557657
970,970,970,970,970,970,970,0.21105656235154252,3.2756189260814685,6.0455789368155255
971,971,971,971,971,971,971,0.33531691532264823,4.5226317934699525,8.715062299465448
972,972,972,972,972,972,972,0.2312932650694163,1.0510294056498213,6.198626855418322
973,973,973,973,973,973,973,0.48769287169515735,1.9178899491903307,12.299693289770367
974,974,974,974,974,974,974,0.27076358322347105,1.7933053755664088,8.346638409220962
975,975,975,975,975,975,975,0.2080181409924612,2.259765397644811,5.901026801265174
976,976,976,976,976,976,976,0.29107610067775186,1.4991566287089808,9.341889874024698
977,977,977,977,977,977,977,0.13085623503851648,3.039959779028832,4.462840595655068
978,978,978,978,978,978,978,0.14849774101014998,1.841067290521492,5.045929569169135
979,979,979,979,979,979,979,0.24742430821570996,1.9570392396379688,6.556526931216098
980,980,980,980,980,980,980,0.09568986115126028,1.180055804396742,2.852735316736132
981,981,981,981,981,981,981,0.3257292671185605,2.4996952260076184,8.022679011558225
982,982,982,982,982,982,982,0.13443119145524748,2.5206697400802778,4.208087156418053
983,983,983,983,983,983,983,0.08260307126684853,1.5346877569756503,2.788585603167474
984,984,984,984,984,984,984,0.10095606938014791,1.6660137408910447,3.395267474554445
985,985,985,985,985,985,985,0.12707133012096603,1.6044227253204058,3.7780632306617377
986,986,986,986,986,986,986,0.038525549900367224,1.3752602051578122,1.4523541525147958
987,987,987,987,987,987,987,0.1032305114723585,1.1491045048616917,3.1364268734075016
988,988,988,988,988,988,988,0.20015673601733328,1.574612375838728,5.304481546929979
989,989,989,989,989,989,989,0.2866963416745463,1.8782719870093645,7.605528237289465
990,990,990,990,990,990,990,0.15125039913200486,2.1807876376976774,5.222288779870043
991,991,991,991,991,991,991,0.17295674135561473,1.2366008102417732,5.259180672236167
992,992,992,992,992,992,992,0.1848538230687163,2.310094122053916,5.481759302732953
993,993,993,993,993,993,993,0.2178915524337754,2.030847920728452,6.510880590233667
994,994,994,994,994,994,994,0.1448702974682141,3.1449978120810016,4.435212434349815
995,995,995,995,995,995,995,0.26052859380852333,1.2348922885073454,7.44341360106202
996,996,996,996,996,996,996,0.05149570172876818,2.8061501063256338,1.9641002318909782
997,997,997,997,997,997,997,0.03556877518049345,1.5037874811287844,1.4586653905049154
998,998,998,998,998,998,998,0.2021162553583147,2.2103782489951223,5.5204856806646045
999,999,999,999,999,999,999,0.10216910516266023,3.7650463907188847,3.7103600488028565
1000,1000,1000,1000,1000,1000,1000,0.19300099128107068,2.8578447814114347,6.489063353743459
1001,1001,1001,1001,1001,1001,1001,0.07144080930661498,2.3802275064108853,2.8116806826992757
1002,1002,1002,1002,1002,1002,1002,0.1826318681017106,1.5825411937030558,5.331806317901491
1003,1003,1003,1003,1003,1003,1003,0.1106953470570497,3.5988677801583564,3.6666704740864757
1004,1004,1004,1004,1004,1004,1004,0.10489843567331295,1.2221578765723824,3.7792239613459135
1005,1005,1005,1005,1005,1005,1005,0.08995710069832946,4.694176451451576,2.755009847146765
1006,1006,1006,1006,1006,1006,1006,0.09525246844121979,2.9584758168975673,3.5078920441180936
1007,1007,1007,1007,1007,1007,1007,0.14033307708939396,1.3301572765723826,4.893921460507306
1008,1008,1008,1008,1008,1008,1008,0.061188324183265655,1.8173463518916897,2.4650888339098094
1009,1009,1009,1009,1009,1009,1009,0.11820100596134468,2.596077672373042,4.216216028079083
1010,1010,1010,1010,1010,1010,1010,0.06648369192615598,5.25346568612695,2.7331356254424533
1011,1011,1011,1011,1011,1011,1011,0.09193411574771253,2.371370098502016,3.6551881886119286
1012,1012,1012,1012,1012,1012,1012,0.08404355125858191,1.5431289778254587,3.410114141129924
1013,1013,1013,1013,1013,1013,1013,0.20601196642907543,2.351447436886911,6.487963494103051
1014,1014,1014,1014,1014,1014,1014,0.07888814918290456,2.0081220486983233,3.356612406083043
1015,1015,1015,1015,1015,1015,1015,0.06820993515511582,2.9679733001973987,3.0294992216592185
